model,sum,expected,raw_text,parsed_answer,is_correct,error_abs,tokens,token_logprobs,top_logprobs,latency_ms,api_endpoint,created_at,error
gpt-5.4,1+1,2,2,2,True,0,"[""2""]",[5e-05],"[[{""token"": ""2"", ""bytes"": [50], ""logprob"": 5e-05}]]",972.61,v1/responses,2026-05-24T22:38:55.919951+00:00,
gpt-5.4,1+1+1,3,3,3,True,0,"[""3""]",[-4.2e-05],"[[{""token"": ""3"", ""bytes"": [51], ""logprob"": -4.2e-05}]]",966.46,v1/responses,2026-05-24T22:38:56.893343+00:00,
gpt-5.4,1+1+1+1,4,4,4,True,0,"[""4""]",[-6.1e-05],"[[{""token"": ""4"", ""bytes"": [52], ""logprob"": -6.1e-05}]]",1047.37,v1/responses,2026-05-24T22:38:57.946966+00:00,
gpt-5.4,1+1+1+1+1,5,5,5,True,0,"[""5""]",[-6.1e-05],"[[{""token"": ""5"", ""bytes"": [53], ""logprob"": -6.1e-05}]]",784.45,v1/responses,2026-05-24T22:39:38.217583+00:00,
gpt-5.4,1+1+1+1+1+1,6,6,6,True,0,"[""6""]",[6.1e-05],"[[{""token"": ""6"", ""bytes"": [54], ""logprob"": 6.1e-05}]]",766.16,v1/responses,2026-05-24T22:39:38.805062+00:00,
gpt-5.4,1+1+1+1+1+1+1,7,7,7,True,0,"[""7""]",[8e-06],"[[{""token"": ""7"", ""bytes"": [55], ""logprob"": 8e-06}]]",715.4,v1/responses,2026-05-24T22:39:38.807952+00:00,
gpt-5.4,1+1+1+1+1+1+1+1,8,8,8,True,0,"[""8""]",[3.8e-05],"[[{""token"": ""8"", ""bytes"": [56], ""logprob"": 3.8e-05}]]",1294.29,v1/responses,2026-05-24T22:39:39.522449+00:00,
gpt-5.4,1+1+1+1+1+1+1+1+1,9,9,9,True,0,"[""9""]",[8e-06],"[[{""token"": ""9"", ""bytes"": [57], ""logprob"": 8e-06}]]",819.81,v1/responses,2026-05-24T22:39:39.635285+00:00,
gpt-5.4,1+1+1+1+1+1+1+1+1+1,10,10,10,True,0,"[""10""]",[1.9e-05],"[[{""token"": ""10"", ""bytes"": [49, 48], ""logprob"": 1.9e-05}]]",735.43,v1/responses,2026-05-24T22:39:39.552398+00:00,
gpt-5.4,1+1+1+1+1+1+1+1+1+1+1,11,11,11,True,0,"[""11""]",[0.0],"[[{""token"": ""11"", ""bytes"": [49, 49], ""logprob"": 0.0}]]",1421.9,v1/responses,2026-05-24T22:39:40.953707+00:00,
gpt-5.4,1+1+1+1+1+1+1+1+1+1+1+1,12,12,12,True,0,"[""12""]",[-5.3e-05],"[[{""token"": ""12"", ""bytes"": [49, 50], ""logprob"": -5.3e-05}]]",820.0,v1/responses,2026-05-24T22:39:40.380518+00:00,
gpt-5.4,1+1+1+1+1+1+1+1+1+1+1+1+1,13,13,13,True,0,"[""13""]",[-1.9e-05],"[[{""token"": ""13"", ""bytes"": [49, 51], ""logprob"": -1.9e-05}]]",894.21,v1/responses,2026-05-24T22:39:40.536692+00:00,
gpt-5.4,1+1+1+1+1+1+1+1+1+1+1+1+1+1,14,14,14,True,0,"[""14""]",[-1.9e-05],"[[{""token"": ""14"", ""bytes"": [49, 52], ""logprob"": -1.9e-05}]]",785.52,v1/responses,2026-05-24T22:39:41.175465+00:00,
gpt-5.4,1+1+1+1+1+1+1+1+1+1+1+1+1+1+1,15,15,15,True,0,"[""15""]",[1.9e-05],"[[{""token"": ""15"", ""bytes"": [49, 53], ""logprob"": 1.9e-05}]]",768.82,v1/responses,2026-05-24T22:39:41.314943+00:00,
gpt-5.4,1+1+1+1+1+1+1+1+1+1+1+1+1+1+1+1,16,16,16,True,0,"[""16""]",[-5.3e-05],"[[{""token"": ""16"", ""bytes"": [49, 54], ""logprob"": -5.3e-05}]]",810.53,v1/responses,2026-05-24T22:39:41.772427+00:00,
gpt-5.4,1+1+1+1+1+1+1+1+1+1+1+1+1+1+1+1+1,17,17,17,True,0,"[""17""]",[-1.9e-05],"[[{""token"": ""17"", ""bytes"": [49, 55], ""logprob"": -1.9e-05}]]",758.98,v1/responses,2026-05-24T22:39:41.940740+00:00,
gpt-5.4,1+1+1+1+1+1+1+1+1+1+1+1+1+1+1+1+1+1,18,18,18,True,0,"[""18""]",[-4.2e-05],"[[{""token"": ""18"", ""bytes"": [49, 56], ""logprob"": -4.2e-05}]]",875.1,v1/responses,2026-05-24T22:39:42.197131+00:00,
gpt-5.4,1+1+1+1+1+1+1+1+1+1+1+1+1+1+1+1+1+1+1,19,19,19,True,0,"[""19""]",[-5.3e-05],"[[{""token"": ""19"", ""bytes"": [49, 57], ""logprob"": -5.3e-05}]]",913.51,v1/responses,2026-05-24T22:39:42.693568+00:00,
gpt-5.4,1+1+1+1+1+1+1+1+1+1+1+1+1+1+1+1+1+1+1+1,20,20,20,True,0,"[""20""]",[3.1e-05],"[[{""token"": ""20"", ""bytes"": [50, 48], ""logprob"": 3.1e-05}]]",914.74,v1/responses,2026-05-24T22:39:42.860368+00:00,
gpt-5.4,1+1+1+1+1+1+1+1+1+1+1+1+1+1+1+1+1+1+1+1+1,21,21,21,True,0,"[""21""]",[-5.3e-05],"[[{""token"": ""21"", ""bytes"": [50, 49], ""logprob"": -5.3e-05}]]",738.85,v1/responses,2026-05-24T22:39:42.943949+00:00,
gpt-5.4,1+1+1+1+1+1+1+1+1+1+1+1+1+1+1+1+1+1+1+1+1+1,22,22,22,True,0,"[""22""]",[6.1e-05],"[[{""token"": ""22"", ""bytes"": [50, 50], ""logprob"": 6.1e-05}]]",708.51,v1/responses,2026-05-24T22:39:43.411462+00:00,
gpt-5.4,1+1+1+1+1+1+1+1+1+1+1+1+1+1+1+1+1+1+1+1+1+1+1,23,23,23,True,0,"[""23""]",[-1.9e-05],"[[{""token"": ""23"", ""bytes"": [50, 51], ""logprob"": -1.9e-05}]]",954.55,v1/responses,2026-05-24T22:39:43.824499+00:00,
gpt-5.4,1+1+1+1+1+1+1+1+1+1+1+1+1+1+1+1+1+1+1+1+1+1+1+1,24,24,24,True,0,"[""24""]",[-3.4e-05],"[[{""token"": ""24"", ""bytes"": [50, 52], ""logprob"": -3.4e-05}]]",767.29,v1/responses,2026-05-24T22:39:43.719398+00:00,
gpt-5.4,1+1+1+1+1+1+1+1+1+1+1+1+1+1+1+1+1+1+1+1+1+1+1+1+1,25,25,25,True,0,"[""25""]",[1.9e-05],"[[{""token"": ""25"", ""bytes"": [50, 53], ""logprob"": 1.9e-05}]]",1015.02,v1/responses,2026-05-24T22:39:44.436195+00:00,
gpt-5.4,1+1+1+1+1+1+1+1+1+1+1+1+1+1+1+1+1+1+1+1+1+1+1+1+1+1,26,26,26,True,0,"[""26""]",[5e-05],"[[{""token"": ""26"", ""bytes"": [50, 54], ""logprob"": 5e-05}]]",854.98,v1/responses,2026-05-24T22:39:44.584257+00:00,
gpt-5.4,1+1+1+1+1+1+1+1+1+1+1+1+1+1+1+1+1+1+1+1+1+1+1+1+1+1+1,27,27,27,True,0,"[""27""]",[1.9e-05],"[[{""token"": ""27"", ""bytes"": [50, 55], ""logprob"": 1.9e-05}]]",723.39,v1/responses,2026-05-24T22:39:44.558535+00:00,
gpt-5.4,1+1+1+1+1+1+1+1+1+1+1+1+1+1+1+1+1+1+1+1+1+1+1+1+1+1+1+1,28,28,28,True,0,"[""28""]",[3.1e-05],"[[{""token"": ""28"", ""bytes"": [50, 56], ""logprob"": 3.1e-05}]]",808.37,v1/responses,2026-05-24T22:39:45.255092+00:00,
gpt-5.4,1+1+1+1+1+1+1+1+1+1+1+1+1+1+1+1+1+1+1+1+1+1+1+1+1+1+1+1+1,29,29,29,True,0,"[""29""]",[-3.4e-05],"[[{""token"": ""29"", ""bytes"": [50, 57], ""logprob"": -3.4e-05}]]",981.15,v1/responses,2026-05-24T22:39:45.549532+00:00,
gpt-5.4,1+1+1+1+1+1+1+1+1+1+1+1+1+1+1+1+1+1+1+1+1+1+1+1+1+1+1+1+1+1,30,30,30,True,0,"[""30""]",[6.1e-05],"[[{""token"": ""30"", ""bytes"": [51, 48], ""logprob"": 6.1e-05}]]",812.94,v1/responses,2026-05-24T22:39:45.404081+00:00,
gpt-5.4,1+1+1+1+1+1+1+1+1+1+1+1+1+1+1+1+1+1+1+1+1+1+1+1+1+1+1+1+1+1+1,31,31,31,True,0,"[""31""]",[-5.3e-05],"[[{""token"": ""31"", ""bytes"": [51, 49], ""logprob"": -5.3e-05}]]",933.47,v1/responses,2026-05-24T22:39:46.196518+00:00,
gpt-5.4,1+1+1+1+1+1+1+1+1+1+1+1+1+1+1+1+1+1+1+1+1+1+1+1+1+1+1+1+1+1+1+1,32,32,32,True,0,"[""32""]",[-6.1e-05],"[[{""token"": ""32"", ""bytes"": [51, 50], ""logprob"": -6.1e-05}]]",765.43,v1/responses,2026-05-24T22:39:46.177951+00:00,
gpt-5.4,1+1+1+1+1+1+1+1+1+1+1+1+1+1+1+1+1+1+1+1+1+1+1+1+1+1+1+1+1+1+1+1+1,33,33,33,True,0,"[""33""]",[-1.9e-05],"[[{""token"": ""33"", ""bytes"": [51, 51], ""logprob"": -1.9e-05}]]",853.83,v1/responses,2026-05-24T22:39:46.410656+00:00,
gpt-5.4,1+1+1+1+1+1+1+1+1+1+1+1+1+1+1+1+1+1+1+1+1+1+1+1+1+1+1+1+1+1+1+1+1+1,34,34,34,True,0,"[""34""]",[-1.9e-05],"[[{""token"": ""34"", ""bytes"": [51, 52], ""logprob"": -1.9e-05}]]",808.02,v1/responses,2026-05-24T22:39:46.996268+00:00,
gpt-5.4,1+1+1+1+1+1+1+1+1+1+1+1+1+1+1+1+1+1+1+1+1+1+1+1+1+1+1+1+1+1+1+1+1+1+1,35,35,35,True,0,"[""35""]",[-3.4e-05],"[[{""token"": ""35"", ""bytes"": [51, 53], ""logprob"": -3.4e-05}]]",2748.71,v1/responses,2026-05-24T22:39:48.951839+00:00,
gpt-5.4,1+1+1+1+1+1+1+1+1+1+1+1+1+1+1+1+1+1+1+1+1+1+1+1+1+1+1+1+1+1+1+1+1+1+1+1,36,36,36,True,0,"[""36""]",[8e-06],"[[{""token"": ""36"", ""bytes"": [51, 54], ""logprob"": 8e-06}]]",1087.65,v1/responses,2026-05-24T22:39:47.508626+00:00,
gpt-5.4,1+1+1+1+1+1+1+1+1+1+1+1+1+1+1+1+1+1+1+1+1+1+1+1+1+1+1+1+1+1+1+1+1+1+1+1+1,37,37,37,True,0,"[""37""]",[-6.1e-05],"[[{""token"": ""37"", ""bytes"": [51, 55], ""logprob"": -6.1e-05}]]",910.6,v1/responses,2026-05-24T22:39:47.917402+00:00,
gpt-5.4,1+1+1+1+1+1+1+1+1+1+1+1+1+1+1+1+1+1+1+1+1+1+1+1+1+1+1+1+1+1+1+1+1+1+1+1+1+1,38,38,38,True,0,"[""38""]",[-1.9e-05],"[[{""token"": ""38"", ""bytes"": [51, 56], ""logprob"": -1.9e-05}]]",691.82,v1/responses,2026-05-24T22:39:48.210638+00:00,
gpt-5.4,1+1+1+1+1+1+1+1+1+1+1+1+1+1+1+1+1+1+1+1+1+1+1+1+1+1+1+1+1+1+1+1+1+1+1+1+1+1+1,39,39,39,True,0,"[""39""]",[5e-05],"[[{""token"": ""39"", ""bytes"": [51, 57], ""logprob"": 5e-05}]]",1011.99,v1/responses,2026-05-24T22:39:48.939609+00:00,
gpt-5.4,1+1+1+1+1+1+1+1+1+1+1+1+1+1+1+1+1+1+1+1+1+1+1+1+1+1+1+1+1+1+1+1+1+1+1+1+1+1+1+1,40,40,40,True,0,"[""40""]",[1.9e-05],"[[{""token"": ""40"", ""bytes"": [52, 48], ""logprob"": 1.9e-05}]]",908.0,v1/responses,2026-05-24T22:39:49.129159+00:00,
gpt-5.4,1+1+1+1+1+1+1+1+1+1+1+1+1+1+1+1+1+1+1+1+1+1+1+1+1+1+1+1+1+1+1+1+1+1+1+1+1+1+1+1+1,41,41,41,True,0,"[""41""]",[0.0],"[[{""token"": ""41"", ""bytes"": [52, 49], ""logprob"": 0.0}]]",1284.73,v1/responses,2026-05-24T22:39:50.232580+00:00,
gpt-5.4,1+1+1+1+1+1+1+1+1+1+1+1+1+1+1+1+1+1+1+1+1+1+1+1+1+1+1+1+1+1+1+1+1+1+1+1+1+1+1+1+1+1,42,42,42,True,0,"[""42""]",[-6.1e-05],"[[{""token"": ""42"", ""bytes"": [52, 50], ""logprob"": -6.1e-05}]]",765.04,v1/responses,2026-05-24T22:39:49.725183+00:00,
gpt-5.4,1+1+1+1+1+1+1+1+1+1+1+1+1+1+1+1+1+1+1+1+1+1+1+1+1+1+1+1+1+1+1+1+1+1+1+1+1+1+1+1+1+1+1,43,43,43,True,0,"[""43""]",[6.1e-05],"[[{""token"": ""43"", ""bytes"": [52, 51], ""logprob"": 6.1e-05}]]",930.28,v1/responses,2026-05-24T22:39:50.066868+00:00,
gpt-5.4,1+1+1+1+1+1+1+1+1+1+1+1+1+1+1+1+1+1+1+1+1+1+1+1+1+1+1+1+1+1+1+1+1+1+1+1+1+1+1+1+1+1+1+1,44,44,44,True,0,"[""44""]",[-2.3e-05],"[[{""token"": ""44"", ""bytes"": [52, 52], ""logprob"": -2.3e-05}]]",1051.97,v1/responses,2026-05-24T22:39:50.784829+00:00,
gpt-5.4,1+1+1+1+1+1+1+1+1+1+1+1+1+1+1+1+1+1+1+1+1+1+1+1+1+1+1+1+1+1+1+1+1+1+1+1+1+1+1+1+1+1+1+1+1,45,45,45,True,0,"[""45""]",[8e-06],"[[{""token"": ""45"", ""bytes"": [52, 53], ""logprob"": 8e-06}]]",1012.75,v1/responses,2026-05-24T22:39:51.090615+00:00,
gpt-5.4,1+1+1+1+1+1+1+1+1+1+1+1+1+1+1+1+1+1+1+1+1+1+1+1+1+1+1+1+1+1+1+1+1+1+1+1+1+1+1+1+1+1+1+1+1+1,46,46,46,True,0,"[""46""]",[-2.3e-05],"[[{""token"": ""46"", ""bytes"": [52, 54], ""logprob"": -2.3e-05}]]",890.11,v1/responses,2026-05-24T22:39:51.133141+00:00,
gpt-5.4,1+1+1+1+1+1+1+1+1+1+1+1+1+1+1+1+1+1+1+1+1+1+1+1+1+1+1+1+1+1+1+1+1+1+1+1+1+1+1+1+1+1+1+1+1+1+1,47,47,47,True,0,"[""47""]",[0.0],"[[{""token"": ""47"", ""bytes"": [52, 55], ""logprob"": 0.0}]]",1115.17,v1/responses,2026-05-24T22:39:51.911270+00:00,
gpt-5.4,1+1+1+1+1+1+1+1+1+1+1+1+1+1+1+1+1+1+1+1+1+1+1+1+1+1+1+1+1+1+1+1+1+1+1+1+1+1+1+1+1+1+1+1+1+1+1+1,48,48,48,True,0,"[""48""]",[-5.3e-05],"[[{""token"": ""48"", ""bytes"": [52, 56], ""logprob"": -5.3e-05}]]",828.93,v1/responses,2026-05-24T22:39:51.930125+00:00,
gpt-5.4,1+1+1+1+1+1+1+1+1+1+1+1+1+1+1+1+1+1+1+1+1+1+1+1+1+1+1+1+1+1+1+1+1+1+1+1+1+1+1+1+1+1+1+1+1+1+1+1+1,49,49,49,True,0,"[""49""]",[-2.3e-05],"[[{""token"": ""49"", ""bytes"": [52, 57], ""logprob"": -2.3e-05}]]",771.61,v1/responses,2026-05-24T22:39:51.912652+00:00,
gpt-5.4,1+1+1+1+1+1+1+1+1+1+1+1+1+1+1+1+1+1+1+1+1+1+1+1+1+1+1+1+1+1+1+1+1+1+1+1+1+1+1+1+1+1+1+1+1+1+1+1+1+1,50,50,50,True,0,"[""50""]",[-1.9e-05],"[[{""token"": ""50"", ""bytes"": [53, 48], ""logprob"": -1.9e-05}]]",816.46,v1/responses,2026-05-24T22:39:52.739627+00:00,
gpt-5.4,1+1+1+1+1+1+1+1+1+1+1+1+1+1+1+1+1+1+1+1+1+1+1+1+1+1+1+1+1+1+1+1+1+1+1+1+1+1+1+1+1+1+1+1+1+1+1+1+1+1+1,51,51,51,True,0,"[""51""]",[8e-06],"[[{""token"": ""51"", ""bytes"": [53, 49], ""logprob"": 8e-06}]]",811.54,v1/responses,2026-05-24T22:39:52.736060+00:00,
gpt-5.4,1+1+1+1+1+1+1+1+1+1+1+1+1+1+1+1+1+1+1+1+1+1+1+1+1+1+1+1+1+1+1+1+1+1+1+1+1+1+1+1+1+1+1+1+1+1+1+1+1+1+1+1,52,52,52,True,0,"[""52""]",[5.7e-05],"[[{""token"": ""52"", ""bytes"": [53, 50], ""logprob"": 5.7e-05}]]",797.98,v1/responses,2026-05-24T22:39:52.737674+00:00,
gpt-5.4,1+1+1+1+1+1+1+1+1+1+1+1+1+1+1+1+1+1+1+1+1+1+1+1+1+1+1+1+1+1+1+1+1+1+1+1+1+1+1+1+1+1+1+1+1+1+1+1+1+1+1+1+1,53,53,53,True,0,"[""53""]",[-5e-05],"[[{""token"": ""53"", ""bytes"": [53, 51], ""logprob"": -5e-05}]]",704.76,v1/responses,2026-05-24T22:39:53.453747+00:00,
gpt-5.4,1+1+1+1+1+1+1+1+1+1+1+1+1+1+1+1+1+1+1+1+1+1+1+1+1+1+1+1+1+1+1+1+1+1+1+1+1+1+1+1+1+1+1+1+1+1+1+1+1+1+1+1+1+1,54,54,54,True,0,"[""54""]",[-3.1e-05],"[[{""token"": ""54"", ""bytes"": [53, 52], ""logprob"": -3.1e-05}]]",876.28,v1/responses,2026-05-24T22:39:53.627080+00:00,
gpt-5.4,1+1+1+1+1+1+1+1+1+1+1+1+1+1+1+1+1+1+1+1+1+1+1+1+1+1+1+1+1+1+1+1+1+1+1+1+1+1+1+1+1+1+1+1+1+1+1+1+1+1+1+1+1+1+1,55,55,55,True,0,"[""55""]",[-5e-05],"[[{""token"": ""55"", ""bytes"": [53, 53], ""logprob"": -5e-05}]]",728.29,v1/responses,2026-05-24T22:39:53.478252+00:00,
gpt-5.4,1+1+1+1+1+1+1+1+1+1+1+1+1+1+1+1+1+1+1+1+1+1+1+1+1+1+1+1+1+1+1+1+1+1+1+1+1+1+1+1+1+1+1+1+1+1+1+1+1+1+1+1+1+1+1+1,56,56,56,True,0,"[""56""]",[0.0],"[[{""token"": ""56"", ""bytes"": [53, 54], ""logprob"": 0.0}]]",906.67,v1/responses,2026-05-24T22:39:54.369843+00:00,
gpt-5.4,1+1+1+1+1+1+1+1+1+1+1+1+1+1+1+1+1+1+1+1+1+1+1+1+1+1+1+1+1+1+1+1+1+1+1+1+1+1+1+1+1+1+1+1+1+1+1+1+1+1+1+1+1+1+1+1+1,57,57,57,True,0,"[""57""]",[2.7e-05],"[[{""token"": ""57"", ""bytes"": [53, 55], ""logprob"": 2.7e-05}]]",887.89,v1/responses,2026-05-24T22:39:54.372140+00:00,
gpt-5.4,1+1+1+1+1+1+1+1+1+1+1+1+1+1+1+1+1+1+1+1+1+1+1+1+1+1+1+1+1+1+1+1+1+1+1+1+1+1+1+1+1+1+1+1+1+1+1+1+1+1+1+1+1+1+1+1+1+1,58,58,58,True,0,"[""58""]",[-5e-05],"[[{""token"": ""58"", ""bytes"": [53, 56], ""logprob"": -5e-05}]]",769.44,v1/responses,2026-05-24T22:39:54.404593+00:00,
gpt-5.4,1+1+1+1+1+1+1+1+1+1+1+1+1+1+1+1+1+1+1+1+1+1+1+1+1+1+1+1+1+1+1+1+1+1+1+1+1+1+1+1+1+1+1+1+1+1+1+1+1+1+1+1+1+1+1+1+1+1+1,59,59,59,True,0,"[""59""]",[1.9e-05],"[[{""token"": ""59"", ""bytes"": [53, 57], ""logprob"": 1.9e-05}]]",909.14,v1/responses,2026-05-24T22:39:55.296266+00:00,
gpt-5.4,1+1+1+1+1+1+1+1+1+1+1+1+1+1+1+1+1+1+1+1+1+1+1+1+1+1+1+1+1+1+1+1+1+1+1+1+1+1+1+1+1+1+1+1+1+1+1+1+1+1+1+1+1+1+1+1+1+1+1+1,60,60,60,True,0,"[""60""]",[-3.8e-05],"[[{""token"": ""60"", ""bytes"": [54, 48], ""logprob"": -3.8e-05}]]",913.72,v1/responses,2026-05-24T22:39:55.298276+00:00,
gpt-5.4,1+1+1+1+1+1+1+1+1+1+1+1+1+1+1+1+1+1+1+1+1+1+1+1+1+1+1+1+1+1+1+1+1+1+1+1+1+1+1+1+1+1+1+1+1+1+1+1+1+1+1+1+1+1+1+1+1+1+1+1+1,61,61,61,True,0,"[""61""]",[1.9e-05],"[[{""token"": ""61"", ""bytes"": [54, 49], ""logprob"": 1.9e-05}]]",884.45,v1/responses,2026-05-24T22:39:55.294611+00:00,
gpt-5.4,1+1+1+1+1+1+1+1+1+1+1+1+1+1+1+1+1+1+1+1+1+1+1+1+1+1+1+1+1+1+1+1+1+1+1+1+1+1+1+1+1+1+1+1+1+1+1+1+1+1+1+1+1+1+1+1+1+1+1+1+1+1,62,62,62,True,0,"[""62""]",[8e-06],"[[{""token"": ""62"", ""bytes"": [54, 50], ""logprob"": 8e-06}]]",749.11,v1/responses,2026-05-24T22:39:56.057695+00:00,
gpt-5.4,1+1+1+1+1+1+1+1+1+1+1+1+1+1+1+1+1+1+1+1+1+1+1+1+1+1+1+1+1+1+1+1+1+1+1+1+1+1+1+1+1+1+1+1+1+1+1+1+1+1+1+1+1+1+1+1+1+1+1+1+1+1+1,63,63,63,True,0,"[""63""]",[-8e-06],"[[{""token"": ""63"", ""bytes"": [54, 51], ""logprob"": -8e-06}]]",850.25,v1/responses,2026-05-24T22:39:56.159874+00:00,
gpt-5.4,1+1+1+1+1+1+1+1+1+1+1+1+1+1+1+1+1+1+1+1+1+1+1+1+1+1+1+1+1+1+1+1+1+1+1+1+1+1+1+1+1+1+1+1+1+1+1+1+1+1+1+1+1+1+1+1+1+1+1+1+1+1+1+1,64,64,64,True,0,"[""64""]",[6.1e-05],"[[{""token"": ""64"", ""bytes"": [54, 52], ""logprob"": 6.1e-05}]]",835.35,v1/responses,2026-05-24T22:39:56.146896+00:00,
gpt-5.4,1+1+1+1+1+1+1+1+1+1+1+1+1+1+1+1+1+1+1+1+1+1+1+1+1+1+1+1+1+1+1+1+1+1+1+1+1+1+1+1+1+1+1+1+1+1+1+1+1+1+1+1+1+1+1+1+1+1+1+1+1+1+1+1+1,65,65,65,True,0,"[""65""]",[-6.5e-05],"[[{""token"": ""65"", ""bytes"": [54, 53], ""logprob"": -6.5e-05}]]",628.27,v1/responses,2026-05-24T22:39:56.697973+00:00,
gpt-5.4,1+1+1+1+1+1+1+1+1+1+1+1+1+1+1+1+1+1+1+1+1+1+1+1+1+1+1+1+1+1+1+1+1+1+1+1+1+1+1+1+1+1+1+1+1+1+1+1+1+1+1+1+1+1+1+1+1+1+1+1+1+1+1+1+1+1,66,66,66,True,0,"[""66""]",[-5.3e-05],"[[{""token"": ""66"", ""bytes"": [54, 54], ""logprob"": -5.3e-05}]]",708.95,v1/responses,2026-05-24T22:39:56.863617+00:00,
gpt-5.4,1+1+1+1+1+1+1+1+1+1+1+1+1+1+1+1+1+1+1+1+1+1+1+1+1+1+1+1+1+1+1+1+1+1+1+1+1+1+1+1+1+1+1+1+1+1+1+1+1+1+1+1+1+1+1+1+1+1+1+1+1+1+1+1+1+1+1,67,67,67,True,0,"[""67""]",[-3.8e-05],"[[{""token"": ""67"", ""bytes"": [54, 55], ""logprob"": -3.8e-05}]]",785.59,v1/responses,2026-05-24T22:39:56.950611+00:00,
gpt-5.4,1+1+1+1+1+1+1+1+1+1+1+1+1+1+1+1+1+1+1+1+1+1+1+1+1+1+1+1+1+1+1+1+1+1+1+1+1+1+1+1+1+1+1+1+1+1+1+1+1+1+1+1+1+1+1+1+1+1+1+1+1+1+1+1+1+1+1+1,68,68,68,True,0,"[""68""]",[-4.6e-05],"[[{""token"": ""68"", ""bytes"": [54, 56], ""logprob"": -4.6e-05}]]",719.12,v1/responses,2026-05-24T22:39:57.421112+00:00,
gpt-5.4,1+1+1+1+1+1+1+1+1+1+1+1+1+1+1+1+1+1+1+1+1+1+1+1+1+1+1+1+1+1+1+1+1+1+1+1+1+1+1+1+1+1+1+1+1+1+1+1+1+1+1+1+1+1+1+1+1+1+1+1+1+1+1+1+1+1+1+1+1,69,69,69,True,0,"[""69""]",[-6.1e-05],"[[{""token"": ""69"", ""bytes"": [54, 57], ""logprob"": -6.1e-05}]]",777.54,v1/responses,2026-05-24T22:39:57.645218+00:00,
gpt-5.4,1+1+1+1+1+1+1+1+1+1+1+1+1+1+1+1+1+1+1+1+1+1+1+1+1+1+1+1+1+1+1+1+1+1+1+1+1+1+1+1+1+1+1+1+1+1+1+1+1+1+1+1+1+1+1+1+1+1+1+1+1+1+1+1+1+1+1+1+1+1,70,70,70,True,0,"[""70""]",[-6.1e-05],"[[{""token"": ""70"", ""bytes"": [55, 48], ""logprob"": -6.1e-05}]]",756.49,v1/responses,2026-05-24T22:39:57.712661+00:00,
gpt-5.4,1+1+1+1+1+1+1+1+1+1+1+1+1+1+1+1+1+1+1+1+1+1+1+1+1+1+1+1+1+1+1+1+1+1+1+1+1+1+1+1+1+1+1+1+1+1+1+1+1+1+1+1+1+1+1+1+1+1+1+1+1+1+1+1+1+1+1+1+1+1+1,71,71,71,True,0,"[""71""]",[-4.2e-05],"[[{""token"": ""71"", ""bytes"": [55, 49], ""logprob"": -4.2e-05}]]",828.07,v1/responses,2026-05-24T22:39:58.259458+00:00,
gpt-5.4,1+1+1+1+1+1+1+1+1+1+1+1+1+1+1+1+1+1+1+1+1+1+1+1+1+1+1+1+1+1+1+1+1+1+1+1+1+1+1+1+1+1+1+1+1+1+1+1+1+1+1+1+1+1+1+1+1+1+1+1+1+1+1+1+1+1+1+1+1+1+1+1,72,72,72,True,0,"[""72""]",[-4.2e-05],"[[{""token"": ""72"", ""bytes"": [55, 50], ""logprob"": -4.2e-05}]]",877.24,v1/responses,2026-05-24T22:39:58.530818+00:00,
gpt-5.4,1+1+1+1+1+1+1+1+1+1+1+1+1+1+1+1+1+1+1+1+1+1+1+1+1+1+1+1+1+1+1+1+1+1+1+1+1+1+1+1+1+1+1+1+1+1+1+1+1+1+1+1+1+1+1+1+1+1+1+1+1+1+1+1+1+1+1+1+1+1+1+1+1,73,73,73,True,0,"[""73""]",[1.1e-05],"[[{""token"": ""73"", ""bytes"": [55, 51], ""logprob"": 1.1e-05}]]",760.29,v1/responses,2026-05-24T22:39:58.480929+00:00,
gpt-5.4,1+1+1+1+1+1+1+1+1+1+1+1+1+1+1+1+1+1+1+1+1+1+1+1+1+1+1+1+1+1+1+1+1+1+1+1+1+1+1+1+1+1+1+1+1+1+1+1+1+1+1+1+1+1+1+1+1+1+1+1+1+1+1+1+1+1+1+1+1+1+1+1+1+1,74,74,74,True,0,"[""74""]",[-1.9e-05],"[[{""token"": ""74"", ""bytes"": [55, 52], ""logprob"": -1.9e-05}]]",1931.5,v1/responses,2026-05-24T22:40:00.202204+00:00,
gpt-5.4,1+1+1+1+1+1+1+1+1+1+1+1+1+1+1+1+1+1+1+1+1+1+1+1+1+1+1+1+1+1+1+1+1+1+1+1+1+1+1+1+1+1+1+1+1+1+1+1+1+1+1+1+1+1+1+1+1+1+1+1+1+1+1+1+1+1+1+1+1+1+1+1+1+1+1,75,75,75,True,0,"[""75""]",[-1.9e-05],"[[{""token"": ""75"", ""bytes"": [55, 53], ""logprob"": -1.9e-05}]]",795.19,v1/responses,2026-05-24T22:39:59.283885+00:00,
gpt-5.4,1+1+1+1+1+1+1+1+1+1+1+1+1+1+1+1+1+1+1+1+1+1+1+1+1+1+1+1+1+1+1+1+1+1+1+1+1+1+1+1+1+1+1+1+1+1+1+1+1+1+1+1+1+1+1+1+1+1+1+1+1+1+1+1+1+1+1+1+1+1+1+1+1+1+1+1,76,76,76,True,0,"[""76""]",[-1.1e-05],"[[{""token"": ""76"", ""bytes"": [55, 54], ""logprob"": -1.1e-05}]]",784.88,v1/responses,2026-05-24T22:39:59.324126+00:00,
gpt-5.4,1+1+1+1+1+1+1+1+1+1+1+1+1+1+1+1+1+1+1+1+1+1+1+1+1+1+1+1+1+1+1+1+1+1+1+1+1+1+1+1+1+1+1+1+1+1+1+1+1+1+1+1+1+1+1+1+1+1+1+1+1+1+1+1+1+1+1+1+1+1+1+1+1+1+1+1+1,77,77,77,True,0,"[""77""]",[-1.9e-05],"[[{""token"": ""77"", ""bytes"": [55, 55], ""logprob"": -1.9e-05}]]",981.33,v1/responses,2026-05-24T22:40:00.278106+00:00,
gpt-5.4,1+1+1+1+1+1+1+1+1+1+1+1+1+1+1+1+1+1+1+1+1+1+1+1+1+1+1+1+1+1+1+1+1+1+1+1+1+1+1+1+1+1+1+1+1+1+1+1+1+1+1+1+1+1+1+1+1+1+1+1+1+1+1+1+1+1+1+1+1+1+1+1+1+1+1+1+1+1,78,78,78,True,0,"[""78""]",[-4.6e-05],"[[{""token"": ""78"", ""bytes"": [55, 56], ""logprob"": -4.6e-05}]]",920.9,v1/responses,2026-05-24T22:40:00.252837+00:00,
gpt-5.4,1+1+1+1+1+1+1+1+1+1+1+1+1+1+1+1+1+1+1+1+1+1+1+1+1+1+1+1+1+1+1+1+1+1+1+1+1+1+1+1+1+1+1+1+1+1+1+1+1+1+1+1+1+1+1+1+1+1+1+1+1+1+1+1+1+1+1+1+1+1+1+1+1+1+1+1+1+1+1,79,79,79,True,0,"[""79""]",[-4.2e-05],"[[{""token"": ""79"", ""bytes"": [55, 57], ""logprob"": -4.2e-05}]]",810.49,v1/responses,2026-05-24T22:40:01.024367+00:00,
gpt-5.4,1+1+1+1+1+1+1+1+1+1+1+1+1+1+1+1+1+1+1+1+1+1+1+1+1+1+1+1+1+1+1+1+1+1+1+1+1+1+1+1+1+1+1+1+1+1+1+1+1+1+1+1+1+1+1+1+1+1+1+1+1+1+1+1+1+1+1+1+1+1+1+1+1+1+1+1+1+1+1+1,80,80,80,True,0,"[""80""]",[6.1e-05],"[[{""token"": ""80"", ""bytes"": [56, 48], ""logprob"": 6.1e-05}]]",882.69,v1/responses,2026-05-24T22:40:01.143739+00:00,
gpt-5.4,1+1+1+1+1+1+1+1+1+1+1+1+1+1+1+1+1+1+1+1+1+1+1+1+1+1+1+1+1+1+1+1+1+1+1+1+1+1+1+1+1+1+1+1+1+1+1+1+1+1+1+1+1+1+1+1+1+1+1+1+1+1+1+1+1+1+1+1+1+1+1+1+1+1+1+1+1+1+1+1+1,81,81,81,True,0,"[""81""]",[0.0],"[[{""token"": ""81"", ""bytes"": [56, 49], ""logprob"": 0.0}]]",916.32,v1/responses,2026-05-24T22:40:01.200764+00:00,
gpt-5.4,1+1+1+1+1+1+1+1+1+1+1+1+1+1+1+1+1+1+1+1+1+1+1+1+1+1+1+1+1+1+1+1+1+1+1+1+1+1+1+1+1+1+1+1+1+1+1+1+1+1+1+1+1+1+1+1+1+1+1+1+1+1+1+1+1+1+1+1+1+1+1+1+1+1+1+1+1+1+1+1+1+1,82,82,82,True,0,"[""82""]",[2.7e-05],"[[{""token"": ""82"", ""bytes"": [56, 50], ""logprob"": 2.7e-05}]]",913.23,v1/responses,2026-05-24T22:40:01.947520+00:00,
gpt-5.4,1+1+1+1+1+1+1+1+1+1+1+1+1+1+1+1+1+1+1+1+1+1+1+1+1+1+1+1+1+1+1+1+1+1+1+1+1+1+1+1+1+1+1+1+1+1+1+1+1+1+1+1+1+1+1+1+1+1+1+1+1+1+1+1+1+1+1+1+1+1+1+1+1+1+1+1+1+1+1+1+1+1+1,83,83,83,True,0,"[""83""]",[4e-06],"[[{""token"": ""83"", ""bytes"": [56, 51], ""logprob"": 4e-06}]]",829.84,v1/responses,2026-05-24T22:40:01.982507+00:00,
gpt-5.4,1+1+1+1+1+1+1+1+1+1+1+1+1+1+1+1+1+1+1+1+1+1+1+1+1+1+1+1+1+1+1+1+1+1+1+1+1+1+1+1+1+1+1+1+1+1+1+1+1+1+1+1+1+1+1+1+1+1+1+1+1+1+1+1+1+1+1+1+1+1+1+1+1+1+1+1+1+1+1+1+1+1+1+1,84,84,84,True,0,"[""84""]",[2.7e-05],"[[{""token"": ""84"", ""bytes"": [56, 52], ""logprob"": 2.7e-05}]]",740.36,v1/responses,2026-05-24T22:40:01.948997+00:00,
gpt-5.4,1+1+1+1+1+1+1+1+1+1+1+1+1+1+1+1+1+1+1+1+1+1+1+1+1+1+1+1+1+1+1+1+1+1+1+1+1+1+1+1+1+1+1+1+1+1+1+1+1+1+1+1+1+1+1+1+1+1+1+1+1+1+1+1+1+1+1+1+1+1+1+1+1+1+1+1+1+1+1+1+1+1+1+1+1,85,85,85,True,0,"[""85""]",[-1.1e-05],"[[{""token"": ""85"", ""bytes"": [56, 53], ""logprob"": -1.1e-05}]]",870.21,v1/responses,2026-05-24T22:40:02.832358+00:00,
gpt-5.4,1+1+1+1+1+1+1+1+1+1+1+1+1+1+1+1+1+1+1+1+1+1+1+1+1+1+1+1+1+1+1+1+1+1+1+1+1+1+1+1+1+1+1+1+1+1+1+1+1+1+1+1+1+1+1+1+1+1+1+1+1+1+1+1+1+1+1+1+1+1+1+1+1+1+1+1+1+1+1+1+1+1+1+1+1+1,86,86,86,True,0,"[""86""]",[-4.2e-05],"[[{""token"": ""86"", ""bytes"": [56, 54], ""logprob"": -4.2e-05}]]",790.92,v1/responses,2026-05-24T22:40:02.751936+00:00,
gpt-5.4,1+1+1+1+1+1+1+1+1+1+1+1+1+1+1+1+1+1+1+1+1+1+1+1+1+1+1+1+1+1+1+1+1+1+1+1+1+1+1+1+1+1+1+1+1+1+1+1+1+1+1+1+1+1+1+1+1+1+1+1+1+1+1+1+1+1+1+1+1+1+1+1+1+1+1+1+1+1+1+1+1+1+1+1+1+1+1,87,87,87,True,0,"[""87""]",[-5e-05],"[[{""token"": ""87"", ""bytes"": [56, 55], ""logprob"": -5e-05}]]",786.04,v1/responses,2026-05-24T22:40:02.774563+00:00,
gpt-5.4,1+1+1+1+1+1+1+1+1+1+1+1+1+1+1+1+1+1+1+1+1+1+1+1+1+1+1+1+1+1+1+1+1+1+1+1+1+1+1+1+1+1+1+1+1+1+1+1+1+1+1+1+1+1+1+1+1+1+1+1+1+1+1+1+1+1+1+1+1+1+1+1+1+1+1+1+1+1+1+1+1+1+1+1+1+1+1+1,88,88,88,True,0,"[""88""]",[5e-05],"[[{""token"": ""88"", ""bytes"": [56, 56], ""logprob"": 5e-05}]]",717.49,v1/responses,2026-05-24T22:40:03.482769+00:00,
gpt-5.4,1+1+1+1+1+1+1+1+1+1+1+1+1+1+1+1+1+1+1+1+1+1+1+1+1+1+1+1+1+1+1+1+1+1+1+1+1+1+1+1+1+1+1+1+1+1+1+1+1+1+1+1+1+1+1+1+1+1+1+1+1+1+1+1+1+1+1+1+1+1+1+1+1+1+1+1+1+1+1+1+1+1+1+1+1+1+1+1+1,89,89,89,True,0,"[""89""]",[0.0],"[[{""token"": ""89"", ""bytes"": [56, 57], ""logprob"": 0.0}]]",718.07,v1/responses,2026-05-24T22:40:03.500578+00:00,
gpt-5.4,1+1+1+1+1+1+1+1+1+1+1+1+1+1+1+1+1+1+1+1+1+1+1+1+1+1+1+1+1+1+1+1+1+1+1+1+1+1+1+1+1+1+1+1+1+1+1+1+1+1+1+1+1+1+1+1+1+1+1+1+1+1+1+1+1+1+1+1+1+1+1+1+1+1+1+1+1+1+1+1+1+1+1+1+1+1+1+1+1+1,90,90,90,True,0,"[""90""]",[5.3e-05],"[[{""token"": ""90"", ""bytes"": [57, 48], ""logprob"": 5.3e-05}]]",735.1,v1/responses,2026-05-24T22:40:03.574991+00:00,
gpt-5.4,1+1+1+1+1+1+1+1+1+1+1+1+1+1+1+1+1+1+1+1+1+1+1+1+1+1+1+1+1+1+1+1+1+1+1+1+1+1+1+1+1+1+1+1+1+1+1+1+1+1+1+1+1+1+1+1+1+1+1+1+1+1+1+1+1+1+1+1+1+1+1+1+1+1+1+1+1+1+1+1+1+1+1+1+1+1+1+1+1+1+1,91,91,91,True,0,"[""91""]",[5e-05],"[[{""token"": ""91"", ""bytes"": [57, 49], ""logprob"": 5e-05}]]",806.21,v1/responses,2026-05-24T22:40:04.302329+00:00,
gpt-5.4,1+1+1+1+1+1+1+1+1+1+1+1+1+1+1+1+1+1+1+1+1+1+1+1+1+1+1+1+1+1+1+1+1+1+1+1+1+1+1+1+1+1+1+1+1+1+1+1+1+1+1+1+1+1+1+1+1+1+1+1+1+1+1+1+1+1+1+1+1+1+1+1+1+1+1+1+1+1+1+1+1+1+1+1+1+1+1+1+1+1+1+1,92,92,92,True,0,"[""92""]",[0.0],"[[{""token"": ""92"", ""bytes"": [57, 50], ""logprob"": 0.0}]]",803.62,v1/responses,2026-05-24T22:40:04.310615+00:00,
gpt-5.4,1+1+1+1+1+1+1+1+1+1+1+1+1+1+1+1+1+1+1+1+1+1+1+1+1+1+1+1+1+1+1+1+1+1+1+1+1+1+1+1+1+1+1+1+1+1+1+1+1+1+1+1+1+1+1+1+1+1+1+1+1+1+1+1+1+1+1+1+1+1+1+1+1+1+1+1+1+1+1+1+1+1+1+1+1+1+1+1+1+1+1+1+1,93,93,93,True,0,"[""93""]",[-0.000553],"[[{""token"": ""93"", ""bytes"": [57, 51], ""logprob"": -0.000553}]]",858.87,v1/responses,2026-05-24T22:40:04.441730+00:00,
gpt-5.4,1+1+1+1+1+1+1+1+1+1+1+1+1+1+1+1+1+1+1+1+1+1+1+1+1+1+1+1+1+1+1+1+1+1+1+1+1+1+1+1+1+1+1+1+1+1+1+1+1+1+1+1+1+1+1+1+1+1+1+1+1+1+1+1+1+1+1+1+1+1+1+1+1+1+1+1+1+1+1+1+1+1+1+1+1+1+1+1+1+1+1+1+1+1,94,94,94,True,0,"[""94""]",[-8.4e-05],"[[{""token"": ""94"", ""bytes"": [57, 52], ""logprob"": -8.4e-05}]]",917.57,v1/responses,2026-05-24T22:40:05.228799+00:00,
gpt-5.4,1+1+1+1+1+1+1+1+1+1+1+1+1+1+1+1+1+1+1+1+1+1+1+1+1+1+1+1+1+1+1+1+1+1+1+1+1+1+1+1+1+1+1+1+1+1+1+1+1+1+1+1+1+1+1+1+1+1+1+1+1+1+1+1+1+1+1+1+1+1+1+1+1+1+1+1+1+1+1+1+1+1+1+1+1+1+1+1+1+1+1+1+1+1+1,95,95,95,True,0,"[""95""]",[-5e-05],"[[{""token"": ""95"", ""bytes"": [57, 53], ""logprob"": -5e-05}]]",905.57,v1/responses,2026-05-24T22:40:05.225349+00:00,
gpt-5.4,1+1+1+1+1+1+1+1+1+1+1+1+1+1+1+1+1+1+1+1+1+1+1+1+1+1+1+1+1+1+1+1+1+1+1+1+1+1+1+1+1+1+1+1+1+1+1+1+1+1+1+1+1+1+1+1+1+1+1+1+1+1+1+1+1+1+1+1+1+1+1+1+1+1+1+1+1+1+1+1+1+1+1+1+1+1+1+1+1+1+1+1+1+1+1+1,96,96,96,True,0,"[""96""]",[-3.1e-05],"[[{""token"": ""96"", ""bytes"": [57, 54], ""logprob"": -3.1e-05}]]",776.4,v1/responses,2026-05-24T22:40:05.227415+00:00,
gpt-5.4,1+1+1+1+1+1+1+1+1+1+1+1+1+1+1+1+1+1+1+1+1+1+1+1+1+1+1+1+1+1+1+1+1+1+1+1+1+1+1+1+1+1+1+1+1+1+1+1+1+1+1+1+1+1+1+1+1+1+1+1+1+1+1+1+1+1+1+1+1+1+1+1+1+1+1+1+1+1+1+1+1+1+1+1+1+1+1+1+1+1+1+1+1+1+1+1+1,97,97,97,True,0,"[""97""]",[-1.9e-05],"[[{""token"": ""97"", ""bytes"": [57, 55], ""logprob"": -1.9e-05}]]",835.5,v1/responses,2026-05-24T22:40:06.079208+00:00,
gpt-5.4,1+1+1+1+1+1+1+1+1+1+1+1+1+1+1+1+1+1+1+1+1+1+1+1+1+1+1+1+1+1+1+1+1+1+1+1+1+1+1+1+1+1+1+1+1+1+1+1+1+1+1+1+1+1+1+1+1+1+1+1+1+1+1+1+1+1+1+1+1+1+1+1+1+1+1+1+1+1+1+1+1+1+1+1+1+1+1+1+1+1+1+1+1+1+1+1+1+1,98,98,98,True,0,"[""98""]",[-0.000137],"[[{""token"": ""98"", ""bytes"": [57, 56], ""logprob"": -0.000137}]]",802.81,v1/responses,2026-05-24T22:40:06.044211+00:00,
gpt-5.4,1+1+1+1+1+1+1+1+1+1+1+1+1+1+1+1+1+1+1+1+1+1+1+1+1+1+1+1+1+1+1+1+1+1+1+1+1+1+1+1+1+1+1+1+1+1+1+1+1+1+1+1+1+1+1+1+1+1+1+1+1+1+1+1+1+1+1+1+1+1+1+1+1+1+1+1+1+1+1+1+1+1+1+1+1+1+1+1+1+1+1+1+1+1+1+1+1+1+1,99,99,99,True,0,"[""99""]",[-0.000259],"[[{""token"": ""99"", ""bytes"": [57, 57], ""logprob"": -0.000259}]]",803.24,v1/responses,2026-05-24T22:40:06.045623+00:00,
gpt-5.4,1+1+1+1+1+1+1+1+1+1+1+1+1+1+1+1+1+1+1+1+1+1+1+1+1+1+1+1+1+1+1+1+1+1+1+1+1+1+1+1+1+1+1+1+1+1+1+1+1+1+1+1+1+1+1+1+1+1+1+1+1+1+1+1+1+1+1+1+1+1+1+1+1+1+1+1+1+1+1+1+1+1+1+1+1+1+1+1+1+1+1+1+1+1+1+1+1+1+1+1,100,100,100,True,0,"[""100""]",[5.3e-05],"[[{""token"": ""100"", ""bytes"": [49, 48, 48], ""logprob"": 5.3e-05}]]",1009.71,v1/responses,2026-05-24T22:40:07.067855+00:00,
gpt-5.4-mini,1+1,2,2,2,True,0,"[""2""]",[-3.8e-05],"[[{""token"": ""2"", ""bytes"": [50], ""logprob"": -3.8e-05}]]",1260.47,v1/responses,2026-05-24T22:38:52.852070+00:00,
gpt-5.4-mini,1+1+1,3,3,3,True,0,"[""3""]",[-3.4e-05],"[[{""token"": ""3"", ""bytes"": [51], ""logprob"": -3.4e-05}]]",997.92,v1/responses,2026-05-24T22:38:53.852622+00:00,
gpt-5.4-mini,1+1+1+1,4,4,4,True,0,"[""4""]",[-2.7e-05],"[[{""token"": ""4"", ""bytes"": [52], ""logprob"": -2.7e-05}]]",1081.38,v1/responses,2026-05-24T22:38:54.940898+00:00,
gpt-5.4-mini,1+1+1+1+1,5,5,5,True,0,"[""5""]",[0.0],"[[{""token"": ""5"", ""bytes"": [53], ""logprob"": 0.0}]]",1007.04,v1/responses,2026-05-24T22:39:13.382342+00:00,
gpt-5.4-mini,1+1+1+1+1+1,6,6,6,True,0,"[""6""]",[-8e-06],"[[{""token"": ""6"", ""bytes"": [54], ""logprob"": -8e-06}]]",886.08,v1/responses,2026-05-24T22:39:13.261606+00:00,
gpt-5.4-mini,1+1+1+1+1+1+1,7,7,7,True,0,"[""7""]",[-1.5e-05],"[[{""token"": ""7"", ""bytes"": [55], ""logprob"": -1.5e-05}]]",1104.81,v1/responses,2026-05-24T22:39:13.479805+00:00,
gpt-5.4-mini,1+1+1+1+1+1+1+1,8,8,8,True,0,"[""8""]",[-8e-06],"[[{""token"": ""8"", ""bytes"": [56], ""logprob"": -8e-06}]]",655.81,v1/responses,2026-05-24T22:39:13.920095+00:00,
gpt-5.4-mini,1+1+1+1+1+1+1+1+1,9,9,9,True,0,"[""9""]",[-5.7e-05],"[[{""token"": ""9"", ""bytes"": [57], ""logprob"": -5.7e-05}]]",729.18,v1/responses,2026-05-24T22:39:14.114397+00:00,
gpt-5.4-mini,1+1+1+1+1+1+1+1+1+1,10,10,10,True,0,"[""10""]",[-3.4e-05],"[[{""token"": ""10"", ""bytes"": [49, 48], ""logprob"": -3.4e-05}]]",896.78,v1/responses,2026-05-24T22:39:14.380559+00:00,
gpt-5.4-mini,1+1+1+1+1+1+1+1+1+1+1,11,11,11,True,0,"[""11""]",[-4.6e-05],"[[{""token"": ""11"", ""bytes"": [49, 49], ""logprob"": -4.6e-05}]]",698.57,v1/responses,2026-05-24T22:39:14.625394+00:00,
gpt-5.4-mini,1+1+1+1+1+1+1+1+1+1+1+1,12,12,12,True,0,"[""12""]",[1.5e-05],"[[{""token"": ""12"", ""bytes"": [49, 50], ""logprob"": 1.5e-05}]]",1093.69,v1/responses,2026-05-24T22:39:15.213698+00:00,
gpt-5.4-mini,1+1+1+1+1+1+1+1+1+1+1+1+1,13,13,13,True,0,"[""13""]",[0.0],"[[{""token"": ""13"", ""bytes"": [49, 51], ""logprob"": 0.0}]]",952.97,v1/responses,2026-05-24T22:39:15.340020+00:00,
gpt-5.4-mini,1+1+1+1+1+1+1+1+1+1+1+1+1+1,14,14,14,True,0,"[""14""]",[1.5e-05],"[[{""token"": ""14"", ""bytes"": [49, 52], ""logprob"": 1.5e-05}]]",1235.58,v1/responses,2026-05-24T22:39:15.867957+00:00,
gpt-5.4-mini,1+1+1+1+1+1+1+1+1+1+1+1+1+1+1,15,15,15,True,0,"[""15""]",[-1.5e-05],"[[{""token"": ""15"", ""bytes"": [49, 53], ""logprob"": -1.5e-05}]]",1025.25,v1/responses,2026-05-24T22:39:16.245161+00:00,
gpt-5.4-mini,1+1+1+1+1+1+1+1+1+1+1+1+1+1+1+1,16,16,16,True,0,"[""16""]",[-6.5e-05],"[[{""token"": ""16"", ""bytes"": [49, 54], ""logprob"": -6.5e-05}]]",769.08,v1/responses,2026-05-24T22:39:16.115576+00:00,
gpt-5.4-mini,1+1+1+1+1+1+1+1+1+1+1+1+1+1+1+1+1,17,17,17,True,0,"[""17""]",[-2.3e-05],"[[{""token"": ""17"", ""bytes"": [49, 55], ""logprob"": -2.3e-05}]]",811.03,v1/responses,2026-05-24T22:39:16.685648+00:00,
gpt-5.4-mini,1+1+1+1+1+1+1+1+1+1+1+1+1+1+1+1+1+1,18,18,18,True,0,"[""18""]",[-2.3e-05],"[[{""token"": ""18"", ""bytes"": [49, 56], ""logprob"": -2.3e-05}]]",973.73,v1/responses,2026-05-24T22:39:17.095881+00:00,
gpt-5.4-mini,1+1+1+1+1+1+1+1+1+1+1+1+1+1+1+1+1+1+1,19,19,19,True,0,"[""19""]",[-3.8e-05],"[[{""token"": ""19"", ""bytes"": [49, 57], ""logprob"": -3.8e-05}]]",845.42,v1/responses,2026-05-24T22:39:17.097005+00:00,
gpt-5.4-mini,1+1+1+1+1+1+1+1+1+1+1+1+1+1+1+1+1+1+1+1,20,20,20,True,0,"[""20""]",[1.5e-05],"[[{""token"": ""20"", ""bytes"": [50, 48], ""logprob"": 1.5e-05}]]",914.07,v1/responses,2026-05-24T22:39:17.606133+00:00,
gpt-5.4-mini,1+1+1+1+1+1+1+1+1+1+1+1+1+1+1+1+1+1+1+1+1,21,21,21,True,0,"[""21""]",[-1.5e-05],"[[{""token"": ""21"", ""bytes"": [50, 49], ""logprob"": -1.5e-05}]]",897.31,v1/responses,2026-05-24T22:39:18.001695+00:00,
gpt-5.4-mini,1+1+1+1+1+1+1+1+1+1+1+1+1+1+1+1+1+1+1+1+1+1,22,22,22,True,0,"[""22""]",[-3.4e-05],"[[{""token"": ""22"", ""bytes"": [50, 50], ""logprob"": -3.4e-05}]]",834.53,v1/responses,2026-05-24T22:39:17.938015+00:00,
gpt-5.4-mini,1+1+1+1+1+1+1+1+1+1+1+1+1+1+1+1+1+1+1+1+1+1+1,23,23,23,True,0,"[""23""]",[-3.8e-05],"[[{""token"": ""23"", ""bytes"": [50, 51], ""logprob"": -3.8e-05}]]",940.38,v1/responses,2026-05-24T22:39:18.553207+00:00,
gpt-5.4-mini,1+1+1+1+1+1+1+1+1+1+1+1+1+1+1+1+1+1+1+1+1+1+1+1,24,24,24,True,0,"[""24""]",[-3.4e-05],"[[{""token"": ""24"", ""bytes"": [50, 52], ""logprob"": -3.4e-05}]]",652.48,v1/responses,2026-05-24T22:39:18.593122+00:00,
gpt-5.4-mini,1+1+1+1+1+1+1+1+1+1+1+1+1+1+1+1+1+1+1+1+1+1+1+1+1,25,25,25,True,0,"[""25""]",[1.9e-05],"[[{""token"": ""25"", ""bytes"": [50, 53], ""logprob"": 1.9e-05}]]",714.61,v1/responses,2026-05-24T22:39:18.719732+00:00,
gpt-5.4-mini,1+1+1+1+1+1+1+1+1+1+1+1+1+1+1+1+1+1+1+1+1+1+1+1+1+1,26,26,26,True,0,"[""26""]",[-0.008701],"[[{""token"": ""26"", ""bytes"": [50, 54], ""logprob"": -0.008701}]]",720.83,v1/responses,2026-05-24T22:39:19.276538+00:00,
gpt-5.4-mini,1+1+1+1+1+1+1+1+1+1+1+1+1+1+1+1+1+1+1+1+1+1+1+1+1+1+1,27,27,27,True,0,"[""27""]",[-1.5e-05],"[[{""token"": ""27"", ""bytes"": [50, 55], ""logprob"": -1.5e-05}]]",875.63,v1/responses,2026-05-24T22:39:19.471490+00:00,
gpt-5.4-mini,1+1+1+1+1+1+1+1+1+1+1+1+1+1+1+1+1+1+1+1+1+1+1+1+1+1+1+1,28,28,28,True,0,"[""28""]",[-4.2e-05],"[[{""token"": ""28"", ""bytes"": [50, 56], ""logprob"": -4.2e-05}]]",659.27,v1/responses,2026-05-24T22:39:19.383532+00:00,
gpt-5.4-mini,1+1+1+1+1+1+1+1+1+1+1+1+1+1+1+1+1+1+1+1+1+1+1+1+1+1+1+1+1,29,29,29,True,0,"[""29""]",[-0.000172],"[[{""token"": ""29"", ""bytes"": [50, 57], ""logprob"": -0.000172}]]",679.81,v1/responses,2026-05-24T22:39:19.961958+00:00,
gpt-5.4-mini,1+1+1+1+1+1+1+1+1+1+1+1+1+1+1+1+1+1+1+1+1+1+1+1+1+1+1+1+1+1,30,30,30,True,0,"[""30""]",[-1.1e-05],"[[{""token"": ""30"", ""bytes"": [51, 48], ""logprob"": -1.1e-05}]]",719.15,v1/responses,2026-05-24T22:39:20.108749+00:00,
gpt-5.4-mini,1+1+1+1+1+1+1+1+1+1+1+1+1+1+1+1+1+1+1+1+1+1+1+1+1+1+1+1+1+1+1,31,31,31,True,0,"[""31""]",[-1.9e-05],"[[{""token"": ""31"", ""bytes"": [51, 49], ""logprob"": -1.9e-05}]]",916.08,v1/responses,2026-05-24T22:39:20.393780+00:00,
gpt-5.4-mini,1+1+1+1+1+1+1+1+1+1+1+1+1+1+1+1+1+1+1+1+1+1+1+1+1+1+1+1+1+1+1+1,32,32,32,True,0,"[""32""]",[-2.7e-05],"[[{""token"": ""32"", ""bytes"": [51, 50], ""logprob"": -2.7e-05}]]",708.51,v1/responses,2026-05-24T22:39:20.677277+00:00,
gpt-5.4-mini,1+1+1+1+1+1+1+1+1+1+1+1+1+1+1+1+1+1+1+1+1+1+1+1+1+1+1+1+1+1+1+1+1,33,33,33,True,0,"[""33""]",[-6.5e-05],"[[{""token"": ""33"", ""bytes"": [51, 51], ""logprob"": -6.5e-05}]]",720.54,v1/responses,2026-05-24T22:39:20.833782+00:00,
gpt-5.4-mini,1+1+1+1+1+1+1+1+1+1+1+1+1+1+1+1+1+1+1+1+1+1+1+1+1+1+1+1+1+1+1+1+1+1,34,34,34,True,0,"[""34""]",[-0.013836],"[[{""token"": ""34"", ""bytes"": [51, 52], ""logprob"": -0.013836}]]",788.32,v1/responses,2026-05-24T22:39:21.188539+00:00,
gpt-5.4-mini,1+1+1+1+1+1+1+1+1+1+1+1+1+1+1+1+1+1+1+1+1+1+1+1+1+1+1+1+1+1+1+1+1+1+1,35,35,35,True,0,"[""35""]",[-9.9e-05],"[[{""token"": ""35"", ""bytes"": [51, 53], ""logprob"": -9.9e-05}]]",616.17,v1/responses,2026-05-24T22:39:21.299798+00:00,
gpt-5.4-mini,1+1+1+1+1+1+1+1+1+1+1+1+1+1+1+1+1+1+1+1+1+1+1+1+1+1+1+1+1+1+1+1+1+1+1+1,36,36,36,True,0,"[""36""]",[-3.4e-05],"[[{""token"": ""36"", ""bytes"": [51, 54], ""logprob"": -3.4e-05}]]",1067.42,v1/responses,2026-05-24T22:39:21.906683+00:00,
gpt-5.4-mini,1+1+1+1+1+1+1+1+1+1+1+1+1+1+1+1+1+1+1+1+1+1+1+1+1+1+1+1+1+1+1+1+1+1+1+1+1,37,37,37,True,0,"[""37""]",[-8.4e-05],"[[{""token"": ""37"", ""bytes"": [51, 55], ""logprob"": -8.4e-05}]]",751.25,v1/responses,2026-05-24T22:39:21.945662+00:00,
gpt-5.4-mini,1+1+1+1+1+1+1+1+1+1+1+1+1+1+1+1+1+1+1+1+1+1+1+1+1+1+1+1+1+1+1+1+1+1+1+1+1+1,38,38,38,True,0,"[""38""]",[-0.008381],"[[{""token"": ""38"", ""bytes"": [51, 56], ""logprob"": -0.008381}]]",647.91,v1/responses,2026-05-24T22:39:21.951592+00:00,
gpt-5.4-mini,1+1+1+1+1+1+1+1+1+1+1+1+1+1+1+1+1+1+1+1+1+1+1+1+1+1+1+1+1+1+1+1+1+1+1+1+1+1+1,39,39,39,True,0,"[""39""]",[-0.000267],"[[{""token"": ""39"", ""bytes"": [51, 57], ""logprob"": -0.000267}]]",822.77,v1/responses,2026-05-24T22:39:22.736237+00:00,
gpt-5.4-mini,1+1+1+1+1+1+1+1+1+1+1+1+1+1+1+1+1+1+1+1+1+1+1+1+1+1+1+1+1+1+1+1+1+1+1+1+1+1+1+1,40,40,40,True,0,"[""40""]",[1.5e-05],"[[{""token"": ""40"", ""bytes"": [52, 48], ""logprob"": 1.5e-05}]]",693.32,v1/responses,2026-05-24T22:39:22.646443+00:00,
gpt-5.4-mini,1+1+1+1+1+1+1+1+1+1+1+1+1+1+1+1+1+1+1+1+1+1+1+1+1+1+1+1+1+1+1+1+1+1+1+1+1+1+1+1+1,41,41,41,True,0,"[""41""]",[-1.5e-05],"[[{""token"": ""41"", ""bytes"": [52, 49], ""logprob"": -1.5e-05}]]",884.95,v1/responses,2026-05-24T22:39:22.843430+00:00,
gpt-5.4-mini,1+1+1+1+1+1+1+1+1+1+1+1+1+1+1+1+1+1+1+1+1+1+1+1+1+1+1+1+1+1+1+1+1+1+1+1+1+1+1+1+1+1,42,42,42,True,0,"[""42""]",[-0.000355],"[[{""token"": ""42"", ""bytes"": [52, 50], ""logprob"": -0.000355}]]",689.71,v1/responses,2026-05-24T22:39:23.342175+00:00,
gpt-5.4-mini,1+1+1+1+1+1+1+1+1+1+1+1+1+1+1+1+1+1+1+1+1+1+1+1+1+1+1+1+1+1+1+1+1+1+1+1+1+1+1+1+1+1+1,43,43,43,True,0,"[""43""]",[-3.8e-05],"[[{""token"": ""43"", ""bytes"": [52, 51], ""logprob"": -3.8e-05}]]",658.12,v1/responses,2026-05-24T22:39:23.399296+00:00,
gpt-5.4-mini,1+1+1+1+1+1+1+1+1+1+1+1+1+1+1+1+1+1+1+1+1+1+1+1+1+1+1+1+1+1+1+1+1+1+1+1+1+1+1+1+1+1+1+1,44,44,44,True,0,"[""44""]",[-0.000317],"[[{""token"": ""44"", ""bytes"": [52, 52], ""logprob"": -0.000317}]]",607.37,v1/responses,2026-05-24T22:39:23.457124+00:00,
gpt-5.4-mini,1+1+1+1+1+1+1+1+1+1+1+1+1+1+1+1+1+1+1+1+1+1+1+1+1+1+1+1+1+1+1+1+1+1+1+1+1+1+1+1+1+1+1+1+1,45,45,45,True,0,"[""45""]",[-8.8e-05],"[[{""token"": ""45"", ""bytes"": [52, 53], ""logprob"": -8.8e-05}]]",683.35,v1/responses,2026-05-24T22:39:24.031996+00:00,
gpt-5.4-mini,1+1+1+1+1+1+1+1+1+1+1+1+1+1+1+1+1+1+1+1+1+1+1+1+1+1+1+1+1+1+1+1+1+1+1+1+1+1+1+1+1+1+1+1+1+1,46,46,46,True,0,"[""46""]",[-0.000572],"[[{""token"": ""46"", ""bytes"": [52, 54], ""logprob"": -0.000572}]]",804.19,v1/responses,2026-05-24T22:39:24.210037+00:00,
gpt-5.4-mini,1+1+1+1+1+1+1+1+1+1+1+1+1+1+1+1+1+1+1+1+1+1+1+1+1+1+1+1+1+1+1+1+1+1+1+1+1+1+1+1+1+1+1+1+1+1+1,47,47,47,True,0,"[""47""]",[-0.000237],"[[{""token"": ""47"", ""bytes"": [52, 55], ""logprob"": -0.000237}]]",679.3,v1/responses,2026-05-24T22:39:24.142558+00:00,
gpt-5.4-mini,1+1+1+1+1+1+1+1+1+1+1+1+1+1+1+1+1+1+1+1+1+1+1+1+1+1+1+1+1+1+1+1+1+1+1+1+1+1+1+1+1+1+1+1+1+1+1+1,48,48,48,True,0,"[""48""]",[8e-06],"[[{""token"": ""48"", ""bytes"": [52, 56], ""logprob"": 8e-06}]]",735.19,v1/responses,2026-05-24T22:39:24.774230+00:00,
gpt-5.4-mini,1+1+1+1+1+1+1+1+1+1+1+1+1+1+1+1+1+1+1+1+1+1+1+1+1+1+1+1+1+1+1+1+1+1+1+1+1+1+1+1+1+1+1+1+1+1+1+1+1,49,49,49,True,0,"[""49""]",[-5e-05],"[[{""token"": ""49"", ""bytes"": [52, 57], ""logprob"": -5e-05}]]",751.58,v1/responses,2026-05-24T22:39:24.899304+00:00,
gpt-5.4-mini,1+1+1+1+1+1+1+1+1+1+1+1+1+1+1+1+1+1+1+1+1+1+1+1+1+1+1+1+1+1+1+1+1+1+1+1+1+1+1+1+1+1+1+1+1+1+1+1+1+1,50,50,50,True,0,"[""50""]",[-1.1e-05],"[[{""token"": ""50"", ""bytes"": [53, 48], ""logprob"": -1.1e-05}]]",692.73,v1/responses,2026-05-24T22:39:24.908113+00:00,
gpt-5.4-mini,1+1+1+1+1+1+1+1+1+1+1+1+1+1+1+1+1+1+1+1+1+1+1+1+1+1+1+1+1+1+1+1+1+1+1+1+1+1+1+1+1+1+1+1+1+1+1+1+1+1+1,51,51,51,True,0,"[""51""]",[-9.2e-05],"[[{""token"": ""51"", ""bytes"": [53, 49], ""logprob"": -9.2e-05}]]",853.74,v1/responses,2026-05-24T22:39:25.634582+00:00,
gpt-5.4-mini,1+1+1+1+1+1+1+1+1+1+1+1+1+1+1+1+1+1+1+1+1+1+1+1+1+1+1+1+1+1+1+1+1+1+1+1+1+1+1+1+1+1+1+1+1+1+1+1+1+1+1+1,52,52,52,True,0,"[""52""]",[-0.000149],"[[{""token"": ""52"", ""bytes"": [53, 50], ""logprob"": -0.000149}]]",667.78,v1/responses,2026-05-24T22:39:25.573319+00:00,
gpt-5.4-mini,1+1+1+1+1+1+1+1+1+1+1+1+1+1+1+1+1+1+1+1+1+1+1+1+1+1+1+1+1+1+1+1+1+1+1+1+1+1+1+1+1+1+1+1+1+1+1+1+1+1+1+1+1,53,53,53,True,0,"[""53""]",[-2.7e-05],"[[{""token"": ""53"", ""bytes"": [53, 51], ""logprob"": -2.7e-05}]]",727.22,v1/responses,2026-05-24T22:39:25.639777+00:00,
gpt-5.4-mini,1+1+1+1+1+1+1+1+1+1+1+1+1+1+1+1+1+1+1+1+1+1+1+1+1+1+1+1+1+1+1+1+1+1+1+1+1+1+1+1+1+1+1+1+1+1+1+1+1+1+1+1+1+1,54,54,54,True,0,"[""54""]",[-0.147449],"[[{""token"": ""54"", ""bytes"": [53, 52], ""logprob"": -0.147449}, {""token"": ""56"", ""bytes"": [53, 54], ""logprob"": -2.147449}, {""token"": ""55"", ""bytes"": [53, 53], ""logprob"": -3.897449}]]",731.35,v1/responses,2026-05-24T22:39:26.310725+00:00,
gpt-5.4-mini,1+1+1+1+1+1+1+1+1+1+1+1+1+1+1+1+1+1+1+1+1+1+1+1+1+1+1+1+1+1+1+1+1+1+1+1+1+1+1+1+1+1+1+1+1+1+1+1+1+1+1+1+1+1+1,55,55,55,True,0,"[""55""]",[-0.000488],"[[{""token"": ""55"", ""bytes"": [53, 53], ""logprob"": -0.000488}]]",712.35,v1/responses,2026-05-24T22:39:26.353707+00:00,
gpt-5.4-mini,1+1+1+1+1+1+1+1+1+1+1+1+1+1+1+1+1+1+1+1+1+1+1+1+1+1+1+1+1+1+1+1+1+1+1+1+1+1+1+1+1+1+1+1+1+1+1+1+1+1+1+1+1+1+1+1,56,56,56,True,0,"[""56""]",[-0.015686],"[[{""token"": ""56"", ""bytes"": [53, 54], ""logprob"": -0.015686}]]",696.48,v1/responses,2026-05-24T22:39:26.343873+00:00,
gpt-5.4-mini,1+1+1+1+1+1+1+1+1+1+1+1+1+1+1+1+1+1+1+1+1+1+1+1+1+1+1+1+1+1+1+1+1+1+1+1+1+1+1+1+1+1+1+1+1+1+1+1+1+1+1+1+1+1+1+1+1,57,57,57,True,0,"[""57""]",[-0.123962],"[[{""token"": ""57"", ""bytes"": [53, 55], ""logprob"": -0.123962}, {""token"": ""58"", ""bytes"": [53, 56], ""logprob"": -2.623962}, {""token"": ""59"", ""bytes"": [53, 57], ""logprob"": -3.123962}]]",712.38,v1/responses,2026-05-24T22:39:27.030376+00:00,
gpt-5.4-mini,1+1+1+1+1+1+1+1+1+1+1+1+1+1+1+1+1+1+1+1+1+1+1+1+1+1+1+1+1+1+1+1+1+1+1+1+1+1+1+1+1+1+1+1+1+1+1+1+1+1+1+1+1+1+1+1+1+1,58,60,60,False,2,"[""60""]",[-0.055256],"[[{""token"": ""60"", ""bytes"": [54, 48], ""logprob"": -0.055256}, {""token"": ""59"", ""bytes"": [53, 57], ""logprob"": -3.055256}]]",681.9,v1/responses,2026-05-24T22:39:27.031964+00:00,
gpt-5.4-mini,1+1+1+1+1+1+1+1+1+1+1+1+1+1+1+1+1+1+1+1+1+1+1+1+1+1+1+1+1+1+1+1+1+1+1+1+1+1+1+1+1+1+1+1+1+1+1+1+1+1+1+1+1+1+1+1+1+1+1,59,59,59,True,0,"[""59""]",[-0.349106],"[[{""token"": ""59"", ""bytes"": [53, 57], ""logprob"": -0.349106}, {""token"": ""60"", ""bytes"": [54, 48], ""logprob"": -1.349106}, {""token"": ""61"", ""bytes"": [54, 49], ""logprob"": -3.349106}]]",670.47,v1/responses,2026-05-24T22:39:27.028936+00:00,
gpt-5.4-mini,1+1+1+1+1+1+1+1+1+1+1+1+1+1+1+1+1+1+1+1+1+1+1+1+1+1+1+1+1+1+1+1+1+1+1+1+1+1+1+1+1+1+1+1+1+1+1+1+1+1+1+1+1+1+1+1+1+1+1+1,60,60,60,True,0,"[""60""]",[-0.000145],"[[{""token"": ""60"", ""bytes"": [54, 48], ""logprob"": -0.000145}]]",707.52,v1/responses,2026-05-24T22:39:27.746471+00:00,
gpt-5.4-mini,1+1+1+1+1+1+1+1+1+1+1+1+1+1+1+1+1+1+1+1+1+1+1+1+1+1+1+1+1+1+1+1+1+1+1+1+1+1+1+1+1+1+1+1+1+1+1+1+1+1+1+1+1+1+1+1+1+1+1+1+1,61,61,61,True,0,"[""61""]",[-0.009254],"[[{""token"": ""61"", ""bytes"": [54, 49], ""logprob"": -0.009254}]]",702.62,v1/responses,2026-05-24T22:39:27.745084+00:00,
gpt-5.4-mini,1+1+1+1+1+1+1+1+1+1+1+1+1+1+1+1+1+1+1+1+1+1+1+1+1+1+1+1+1+1+1+1+1+1+1+1+1+1+1+1+1+1+1+1+1+1+1+1+1+1+1+1+1+1+1+1+1+1+1+1+1+1,62,64,64,False,2,"[""64""]",[-0.52459],"[[{""token"": ""64"", ""bytes"": [54, 52], ""logprob"": -0.52459}, {""token"": ""62"", ""bytes"": [54, 50], ""logprob"": -1.02459}, {""token"": ""63"", ""bytes"": [54, 51], ""logprob"": -3.02459}]]",720.65,v1/responses,2026-05-24T22:39:27.760947+00:00,
gpt-5.4-mini,1+1+1+1+1+1+1+1+1+1+1+1+1+1+1+1+1+1+1+1+1+1+1+1+1+1+1+1+1+1+1+1+1+1+1+1+1+1+1+1+1+1+1+1+1+1+1+1+1+1+1+1+1+1+1+1+1+1+1+1+1+1+1,63,63,63,True,0,"[""63""]",[-0.015789],"[[{""token"": ""63"", ""bytes"": [54, 51], ""logprob"": -0.015789}]]",708.1,v1/responses,2026-05-24T22:39:28.463471+00:00,
gpt-5.4-mini,1+1+1+1+1+1+1+1+1+1+1+1+1+1+1+1+1+1+1+1+1+1+1+1+1+1+1+1+1+1+1+1+1+1+1+1+1+1+1+1+1+1+1+1+1+1+1+1+1+1+1+1+1+1+1+1+1+1+1+1+1+1+1+1,64,64,64,True,0,"[""64""]",[8e-06],"[[{""token"": ""64"", ""bytes"": [54, 52], ""logprob"": 8e-06}]]",814.79,v1/responses,2026-05-24T22:39:28.568135+00:00,
gpt-5.4-mini,1+1+1+1+1+1+1+1+1+1+1+1+1+1+1+1+1+1+1+1+1+1+1+1+1+1+1+1+1+1+1+1+1+1+1+1+1+1+1+1+1+1+1+1+1+1+1+1+1+1+1+1+1+1+1+1+1+1+1+1+1+1+1+1+1,65,65,65,True,0,"[""65""]",[-0.003326],"[[{""token"": ""65"", ""bytes"": [54, 53], ""logprob"": -0.003326}]]",694.06,v1/responses,2026-05-24T22:39:28.461981+00:00,
gpt-5.4-mini,1+1+1+1+1+1+1+1+1+1+1+1+1+1+1+1+1+1+1+1+1+1+1+1+1+1+1+1+1+1+1+1+1+1+1+1+1+1+1+1+1+1+1+1+1+1+1+1+1+1+1+1+1+1+1+1+1+1+1+1+1+1+1+1+1+1,66,66,66,True,0,"[""66""]",[-0.492046],"[[{""token"": ""66"", ""bytes"": [54, 54], ""logprob"": -0.492046}, {""token"": ""67"", ""bytes"": [54, 55], ""logprob"": -1.492046}, {""token"": ""65"", ""bytes"": [54, 53], ""logprob"": -2.492046}, {""token"": ""68"", ""bytes"": [54, 56], ""logprob"": -2.742046}]]",907.81,v1/responses,2026-05-24T22:39:29.380689+00:00,
gpt-5.4-mini,1+1+1+1+1+1+1+1+1+1+1+1+1+1+1+1+1+1+1+1+1+1+1+1+1+1+1+1+1+1+1+1+1+1+1+1+1+1+1+1+1+1+1+1+1+1+1+1+1+1+1+1+1+1+1+1+1+1+1+1+1+1+1+1+1+1+1,67,67,67,True,0,"[""67""]",[-0.48254],"[[{""token"": ""67"", ""bytes"": [54, 55], ""logprob"": -0.48254}, {""token"": ""68"", ""bytes"": [54, 56], ""logprob"": -1.48254}, {""token"": ""66"", ""bytes"": [54, 54], ""logprob"": -2.48254}, {""token"": ""69"", ""bytes"": [54, 57], ""logprob"": -3.23254}, {""token"": ""65"", ""bytes"": [54, 53], ""logprob"": -3.73254}]]",625.4,v1/responses,2026-05-24T22:39:29.096253+00:00,
gpt-5.4-mini,1+1+1+1+1+1+1+1+1+1+1+1+1+1+1+1+1+1+1+1+1+1+1+1+1+1+1+1+1+1+1+1+1+1+1+1+1+1+1+1+1+1+1+1+1+1+1+1+1+1+1+1+1+1+1+1+1+1+1+1+1+1+1+1+1+1+1+1,68,68,68,True,0,"[""68""]",[-0.116405],"[[{""token"": ""68"", ""bytes"": [54, 56], ""logprob"": -0.116405}, {""token"": ""69"", ""bytes"": [54, 57], ""logprob"": -2.616405}, {""token"": ""67"", ""bytes"": [54, 55], ""logprob"": -3.991405}]]",660.92,v1/responses,2026-05-24T22:39:29.234956+00:00,
gpt-5.4-mini,1+1+1+1+1+1+1+1+1+1+1+1+1+1+1+1+1+1+1+1+1+1+1+1+1+1+1+1+1+1+1+1+1+1+1+1+1+1+1+1+1+1+1+1+1+1+1+1+1+1+1+1+1+1+1+1+1+1+1+1+1+1+1+1+1+1+1+1+1,69,69,69,True,0,"[""69""]",[-0.025425],"[[{""token"": ""69"", ""bytes"": [54, 57], ""logprob"": -0.025425}, {""token"": ""70"", ""bytes"": [55, 48], ""logprob"": -4.025425}]]",792.27,v1/responses,2026-05-24T22:39:29.894250+00:00,
gpt-5.4-mini,1+1+1+1+1+1+1+1+1+1+1+1+1+1+1+1+1+1+1+1+1+1+1+1+1+1+1+1+1+1+1+1+1+1+1+1+1+1+1+1+1+1+1+1+1+1+1+1+1+1+1+1+1+1+1+1+1+1+1+1+1+1+1+1+1+1+1+1+1+1,70,70,70,True,0,"[""70""]",[-0.001415],"[[{""token"": ""70"", ""bytes"": [55, 48], ""logprob"": -0.001415}]]",895.43,v1/responses,2026-05-24T22:39:30.136498+00:00,
gpt-5.4-mini,1+1+1+1+1+1+1+1+1+1+1+1+1+1+1+1+1+1+1+1+1+1+1+1+1+1+1+1+1+1+1+1+1+1+1+1+1+1+1+1+1+1+1+1+1+1+1+1+1+1+1+1+1+1+1+1+1+1+1+1+1+1+1+1+1+1+1+1+1+1+1,71,71,71,True,0,"[""71""]",[-0.001881],"[[{""token"": ""71"", ""bytes"": [55, 49], ""logprob"": -0.001881}]]",742.65,v1/responses,2026-05-24T22:39:30.129439+00:00,
gpt-5.4-mini,1+1+1+1+1+1+1+1+1+1+1+1+1+1+1+1+1+1+1+1+1+1+1+1+1+1+1+1+1+1+1+1+1+1+1+1+1+1+1+1+1+1+1+1+1+1+1+1+1+1+1+1+1+1+1+1+1+1+1+1+1+1+1+1+1+1+1+1+1+1+1+1,72,72,72,True,0,"[""72""]",[-0.015755],"[[{""token"": ""72"", ""bytes"": [55, 50], ""logprob"": -0.015755}]]",916.12,v1/responses,2026-05-24T22:39:30.817097+00:00,
gpt-5.4-mini,1+1+1+1+1+1+1+1+1+1+1+1+1+1+1+1+1+1+1+1+1+1+1+1+1+1+1+1+1+1+1+1+1+1+1+1+1+1+1+1+1+1+1+1+1+1+1+1+1+1+1+1+1+1+1+1+1+1+1+1+1+1+1+1+1+1+1+1+1+1+1+1+1,73,73,73,True,0,"[""73""]",[-0.038265],"[[{""token"": ""73"", ""bytes"": [55, 51], ""logprob"": -0.038265}, {""token"": ""74"", ""bytes"": [55, 52], ""logprob"": -3.913265}]]",2123.28,v1/responses,2026-05-24T22:39:32.260845+00:00,
gpt-5.4-mini,1+1+1+1+1+1+1+1+1+1+1+1+1+1+1+1+1+1+1+1+1+1+1+1+1+1+1+1+1+1+1+1+1+1+1+1+1+1+1+1+1+1+1+1+1+1+1+1+1+1+1+1+1+1+1+1+1+1+1+1+1+1+1+1+1+1+1+1+1+1+1+1+1+1,74,74,74,True,0,"[""74""]",[-0.733799],"[[{""token"": ""74"", ""bytes"": [55, 52], ""logprob"": -0.733799}, {""token"": ""75"", ""bytes"": [55, 53], ""logprob"": -0.733799}, {""token"": ""76"", ""bytes"": [55, 54], ""logprob"": -3.233799}]]",710.64,v1/responses,2026-05-24T22:39:30.855414+00:00,
gpt-5.4-mini,1+1+1+1+1+1+1+1+1+1+1+1+1+1+1+1+1+1+1+1+1+1+1+1+1+1+1+1+1+1+1+1+1+1+1+1+1+1+1+1+1+1+1+1+1+1+1+1+1+1+1+1+1+1+1+1+1+1+1+1+1+1+1+1+1+1+1+1+1+1+1+1+1+1+1,75,75,75,True,0,"[""75""]",[-0.00111],"[[{""token"": ""75"", ""bytes"": [55, 53], ""logprob"": -0.00111}]]",699.64,v1/responses,2026-05-24T22:39:31.523875+00:00,
gpt-5.4-mini,1+1+1+1+1+1+1+1+1+1+1+1+1+1+1+1+1+1+1+1+1+1+1+1+1+1+1+1+1+1+1+1+1+1+1+1+1+1+1+1+1+1+1+1+1+1+1+1+1+1+1+1+1+1+1+1+1+1+1+1+1+1+1+1+1+1+1+1+1+1+1+1+1+1+1+1,76,77,77,False,1,"[""77""]",[-0.433231],"[[{""token"": ""77"", ""bytes"": [55, 55], ""logprob"": -0.433231}, {""token"": ""76"", ""bytes"": [55, 54], ""logprob"": -1.183231}, {""token"": ""78"", ""bytes"": [55, 56], ""logprob"": -3.558231}]]",569.45,v1/responses,2026-05-24T22:39:31.431906+00:00,
gpt-5.4-mini,1+1+1+1+1+1+1+1+1+1+1+1+1+1+1+1+1+1+1+1+1+1+1+1+1+1+1+1+1+1+1+1+1+1+1+1+1+1+1+1+1+1+1+1+1+1+1+1+1+1+1+1+1+1+1+1+1+1+1+1+1+1+1+1+1+1+1+1+1+1+1+1+1+1+1+1+1,77,77,77,True,0,"[""77""]",[-0.474712],"[[{""token"": ""77"", ""bytes"": [55, 55], ""logprob"": -0.474712}, {""token"": ""78"", ""bytes"": [55, 56], ""logprob"": -1.224712}, {""token"": ""79"", ""bytes"": [55, 57], ""logprob"": -3.099712}, {""token"": ""76"", ""bytes"": [55, 54], ""logprob"": -3.599712}]]",710.95,v1/responses,2026-05-24T22:39:32.150132+00:00,
gpt-5.4-mini,1+1+1+1+1+1+1+1+1+1+1+1+1+1+1+1+1+1+1+1+1+1+1+1+1+1+1+1+1+1+1+1+1+1+1+1+1+1+1+1+1+1+1+1+1+1+1+1+1+1+1+1+1+1+1+1+1+1+1+1+1+1+1+1+1+1+1+1+1+1+1+1+1+1+1+1+1+1,78,80,80,False,2,"[""80""]",[-0.610966],"[[{""token"": ""80"", ""bytes"": [56, 48], ""logprob"": -0.610966}, {""token"": ""78"", ""bytes"": [55, 56], ""logprob"": -1.360966}, {""token"": ""79"", ""bytes"": [55, 57], ""logprob"": -1.610966}]]",621.16,v1/responses,2026-05-24T22:39:32.151862+00:00,
gpt-5.4-mini,1+1+1+1+1+1+1+1+1+1+1+1+1+1+1+1+1+1+1+1+1+1+1+1+1+1+1+1+1+1+1+1+1+1+1+1+1+1+1+1+1+1+1+1+1+1+1+1+1+1+1+1+1+1+1+1+1+1+1+1+1+1+1+1+1+1+1+1+1+1+1+1+1+1+1+1+1+1+1,79,79,79,True,0,"[""79""]",[-0.171417],"[[{""token"": ""79"", ""bytes"": [55, 57], ""logprob"": -0.171417}, {""token"": ""80"", ""bytes"": [56, 48], ""logprob"": -1.921417}]]",756.08,v1/responses,2026-05-24T22:39:32.916728+00:00,
gpt-5.4-mini,1+1+1+1+1+1+1+1+1+1+1+1+1+1+1+1+1+1+1+1+1+1+1+1+1+1+1+1+1+1+1+1+1+1+1+1+1+1+1+1+1+1+1+1+1+1+1+1+1+1+1+1+1+1+1+1+1+1+1+1+1+1+1+1+1+1+1+1+1+1+1+1+1+1+1+1+1+1+1+1,80,80,80,True,0,"[""80""]",[-0.002907],"[[{""token"": ""80"", ""bytes"": [56, 48], ""logprob"": -0.002907}]]",758.96,v1/responses,2026-05-24T22:39:32.918242+00:00,
gpt-5.4-mini,1+1+1+1+1+1+1+1+1+1+1+1+1+1+1+1+1+1+1+1+1+1+1+1+1+1+1+1+1+1+1+1+1+1+1+1+1+1+1+1+1+1+1+1+1+1+1+1+1+1+1+1+1+1+1+1+1+1+1+1+1+1+1+1+1+1+1+1+1+1+1+1+1+1+1+1+1+1+1+1+1,81,81,81,True,0,"[""81""]",[-0.08577],"[[{""token"": ""81"", ""bytes"": [56, 49], ""logprob"": -0.08577}, {""token"": ""82"", ""bytes"": [56, 50], ""logprob"": -2.58577}]]",712.02,v1/responses,2026-05-24T22:39:32.979635+00:00,
gpt-5.4-mini,1+1+1+1+1+1+1+1+1+1+1+1+1+1+1+1+1+1+1+1+1+1+1+1+1+1+1+1+1+1+1+1+1+1+1+1+1+1+1+1+1+1+1+1+1+1+1+1+1+1+1+1+1+1+1+1+1+1+1+1+1+1+1+1+1+1+1+1+1+1+1+1+1+1+1+1+1+1+1+1+1+1,82,82,82,True,0,"[""82""]",[-0.204136],"[[{""token"": ""82"", ""bytes"": [56, 50], ""logprob"": -0.204136}, {""token"": ""83"", ""bytes"": [56, 51], ""logprob"": -1.954136}, {""token"": ""81"", ""bytes"": [56, 49], ""logprob"": -3.204136}]]",864.89,v1/responses,2026-05-24T22:39:33.789627+00:00,
gpt-5.4-mini,1+1+1+1+1+1+1+1+1+1+1+1+1+1+1+1+1+1+1+1+1+1+1+1+1+1+1+1+1+1+1+1+1+1+1+1+1+1+1+1+1+1+1+1+1+1+1+1+1+1+1+1+1+1+1+1+1+1+1+1+1+1+1+1+1+1+1+1+1+1+1+1+1+1+1+1+1+1+1+1+1+1+1,83,83,83,True,0,"[""83""]",[-0.134747],"[[{""token"": ""83"", ""bytes"": [56, 51], ""logprob"": -0.134747}, {""token"": ""84"", ""bytes"": [56, 52], ""logprob"": -2.134747}]]",759.21,v1/responses,2026-05-24T22:39:33.685625+00:00,
gpt-5.4-mini,1+1+1+1+1+1+1+1+1+1+1+1+1+1+1+1+1+1+1+1+1+1+1+1+1+1+1+1+1+1+1+1+1+1+1+1+1+1+1+1+1+1+1+1+1+1+1+1+1+1+1+1+1+1+1+1+1+1+1+1+1+1+1+1+1+1+1+1+1+1+1+1+1+1+1+1+1+1+1+1+1+1+1+1,84,84,84,True,0,"[""84""]",[-0.007084],"[[{""token"": ""84"", ""bytes"": [56, 52], ""logprob"": -0.007084}]]",700.82,v1/responses,2026-05-24T22:39:33.684260+00:00,
gpt-5.4-mini,1+1+1+1+1+1+1+1+1+1+1+1+1+1+1+1+1+1+1+1+1+1+1+1+1+1+1+1+1+1+1+1+1+1+1+1+1+1+1+1+1+1+1+1+1+1+1+1+1+1+1+1+1+1+1+1+1+1+1+1+1+1+1+1+1+1+1+1+1+1+1+1+1+1+1+1+1+1+1+1+1+1+1+1+1,85,85,85,True,0,"[""85""]",[-0.007011],"[[{""token"": ""85"", ""bytes"": [56, 53], ""logprob"": -0.007011}]]",711.63,v1/responses,2026-05-24T22:39:34.404322+00:00,
gpt-5.4-mini,1+1+1+1+1+1+1+1+1+1+1+1+1+1+1+1+1+1+1+1+1+1+1+1+1+1+1+1+1+1+1+1+1+1+1+1+1+1+1+1+1+1+1+1+1+1+1+1+1+1+1+1+1+1+1+1+1+1+1+1+1+1+1+1+1+1+1+1+1+1+1+1+1+1+1+1+1+1+1+1+1+1+1+1+1+1,86,87,87,False,1,"[""87""]",[-0.517227],"[[{""token"": ""87"", ""bytes"": [56, 55], ""logprob"": -0.517227}, {""token"": ""86"", ""bytes"": [56, 54], ""logprob"": -1.017227}, {""token"": ""88"", ""bytes"": [56, 56], ""logprob"": -3.517227}]]",708.67,v1/responses,2026-05-24T22:39:34.402840+00:00,
gpt-5.4-mini,1+1+1+1+1+1+1+1+1+1+1+1+1+1+1+1+1+1+1+1+1+1+1+1+1+1+1+1+1+1+1+1+1+1+1+1+1+1+1+1+1+1+1+1+1+1+1+1+1+1+1+1+1+1+1+1+1+1+1+1+1+1+1+1+1+1+1+1+1+1+1+1+1+1+1+1+1+1+1+1+1+1+1+1+1+1+1,87,87,87,True,0,"[""87""]",[-0.759136],"[[{""token"": ""87"", ""bytes"": [56, 55], ""logprob"": -0.759136}, {""token"": ""88"", ""bytes"": [56, 56], ""logprob"": -0.759136}, {""token"": ""86"", ""bytes"": [56, 54], ""logprob"": -3.009136}]]",842.98,v1/responses,2026-05-24T22:39:34.638694+00:00,
gpt-5.4-mini,1+1+1+1+1+1+1+1+1+1+1+1+1+1+1+1+1+1+1+1+1+1+1+1+1+1+1+1+1+1+1+1+1+1+1+1+1+1+1+1+1+1+1+1+1+1+1+1+1+1+1+1+1+1+1+1+1+1+1+1+1+1+1+1+1+1+1+1+1+1+1+1+1+1+1+1+1+1+1+1+1+1+1+1+1+1+1+1,88,88,88,True,0,"[""88""]",[-0.485706],"[[{""token"": ""88"", ""bytes"": [56, 56], ""logprob"": -0.485706}, {""token"": ""87"", ""bytes"": [56, 55], ""logprob"": -1.735706}, {""token"": ""89"", ""bytes"": [56, 57], ""logprob"": -1.985706}, {""token"": ""86"", ""bytes"": [56, 54], ""logprob"": -3.485706}, {""token"": ""90"", ""bytes"": [57, 48], ""logprob"": -3.735706}]]",704.0,v1/responses,2026-05-24T22:39:35.116685+00:00,
gpt-5.4-mini,1+1+1+1+1+1+1+1+1+1+1+1+1+1+1+1+1+1+1+1+1+1+1+1+1+1+1+1+1+1+1+1+1+1+1+1+1+1+1+1+1+1+1+1+1+1+1+1+1+1+1+1+1+1+1+1+1+1+1+1+1+1+1+1+1+1+1+1+1+1+1+1+1+1+1+1+1+1+1+1+1+1+1+1+1+1+1+1+1,89,90,90,False,1,"[""90""]",[-0.022575],"[[{""token"": ""90"", ""bytes"": [57, 48], ""logprob"": -0.022575}, {""token"": ""89"", ""bytes"": [56, 57], ""logprob"": -4.022575}]]",718.03,v1/responses,2026-05-24T22:39:35.129933+00:00,
gpt-5.4-mini,1+1+1+1+1+1+1+1+1+1+1+1+1+1+1+1+1+1+1+1+1+1+1+1+1+1+1+1+1+1+1+1+1+1+1+1+1+1+1+1+1+1+1+1+1+1+1+1+1+1+1+1+1+1+1+1+1+1+1+1+1+1+1+1+1+1+1+1+1+1+1+1+1+1+1+1+1+1+1+1+1+1+1+1+1+1+1+1+1+1,90,90,90,True,0,"[""90""]",[-0.032375],"[[{""token"": ""90"", ""bytes"": [57, 48], ""logprob"": -0.032375}, {""token"": ""91"", ""bytes"": [57, 49], ""logprob"": -3.532375}]]",710.17,v1/responses,2026-05-24T22:39:35.357667+00:00,
gpt-5.4-mini,1+1+1+1+1+1+1+1+1+1+1+1+1+1+1+1+1+1+1+1+1+1+1+1+1+1+1+1+1+1+1+1+1+1+1+1+1+1+1+1+1+1+1+1+1+1+1+1+1+1+1+1+1+1+1+1+1+1+1+1+1+1+1+1+1+1+1+1+1+1+1+1+1+1+1+1+1+1+1+1+1+1+1+1+1+1+1+1+1+1+1,91,92,92,False,1,"[""92""]",[-0.671455],"[[{""token"": ""92"", ""bytes"": [57, 50], ""logprob"": -0.671455}, {""token"": ""91"", ""bytes"": [57, 49], ""logprob"": -0.921455}, {""token"": ""93"", ""bytes"": [57, 51], ""logprob"": -3.171455}, {""token"": ""90"", ""bytes"": [57, 48], ""logprob"": -3.171455}]]",816.82,v1/responses,2026-05-24T22:39:35.941953+00:00,
gpt-5.4-mini,1+1+1+1+1+1+1+1+1+1+1+1+1+1+1+1+1+1+1+1+1+1+1+1+1+1+1+1+1+1+1+1+1+1+1+1+1+1+1+1+1+1+1+1+1+1+1+1+1+1+1+1+1+1+1+1+1+1+1+1+1+1+1+1+1+1+1+1+1+1+1+1+1+1+1+1+1+1+1+1+1+1+1+1+1+1+1+1+1+1+1+1,92,93,93,False,1,"[""93""]",[-0.506062],"[[{""token"": ""93"", ""bytes"": [57, 51], ""logprob"": -0.506062}, {""token"": ""92"", ""bytes"": [57, 50], ""logprob"": -1.006062}, {""token"": ""91"", ""bytes"": [57, 49], ""logprob"": -3.756062}]]",802.16,v1/responses,2026-05-24T22:39:35.940345+00:00,
gpt-5.4-mini,1+1+1+1+1+1+1+1+1+1+1+1+1+1+1+1+1+1+1+1+1+1+1+1+1+1+1+1+1+1+1+1+1+1+1+1+1+1+1+1+1+1+1+1+1+1+1+1+1+1+1+1+1+1+1+1+1+1+1+1+1+1+1+1+1+1+1+1+1+1+1+1+1+1+1+1+1+1+1+1+1+1+1+1+1+1+1+1+1+1+1+1+1,93,93,93,True,0,"[""93""]",[-0.628277],"[[{""token"": ""93"", ""bytes"": [57, 51], ""logprob"": -0.628277}, {""token"": ""94"", ""bytes"": [57, 52], ""logprob"": -1.128277}, {""token"": ""92"", ""bytes"": [57, 50], ""logprob"": -2.128277}, {""token"": ""95"", ""bytes"": [57, 53], ""logprob"": -4.128277}]]",715.24,v1/responses,2026-05-24T22:39:36.080511+00:00,
gpt-5.4-mini,1+1+1+1+1+1+1+1+1+1+1+1+1+1+1+1+1+1+1+1+1+1+1+1+1+1+1+1+1+1+1+1+1+1+1+1+1+1+1+1+1+1+1+1+1+1+1+1+1+1+1+1+1+1+1+1+1+1+1+1+1+1+1+1+1+1+1+1+1+1+1+1+1+1+1+1+1+1+1+1+1+1+1+1+1+1+1+1+1+1+1+1+1+1,94,95,95,False,1,"[""95""]",[-0.225155],"[[{""token"": ""95"", ""bytes"": [57, 53], ""logprob"": -0.225155}, {""token"": ""94"", ""bytes"": [57, 52], ""logprob"": -1.725155}, {""token"": ""93"", ""bytes"": [57, 51], ""logprob"": -3.975155}]]",1013.2,v1/responses,2026-05-24T22:39:36.962808+00:00,
gpt-5.4-mini,1+1+1+1+1+1+1+1+1+1+1+1+1+1+1+1+1+1+1+1+1+1+1+1+1+1+1+1+1+1+1+1+1+1+1+1+1+1+1+1+1+1+1+1+1+1+1+1+1+1+1+1+1+1+1+1+1+1+1+1+1+1+1+1+1+1+1+1+1+1+1+1+1+1+1+1+1+1+1+1+1+1+1+1+1+1+1+1+1+1+1+1+1+1+1,95,95,95,True,0,"[""95""]",[-0.084171],"[[{""token"": ""95"", ""bytes"": [57, 53], ""logprob"": -0.084171}, {""token"": ""96"", ""bytes"": [57, 54], ""logprob"": -2.584171}]]",703.91,v1/responses,2026-05-24T22:39:36.654852+00:00,
gpt-5.4-mini,1+1+1+1+1+1+1+1+1+1+1+1+1+1+1+1+1+1+1+1+1+1+1+1+1+1+1+1+1+1+1+1+1+1+1+1+1+1+1+1+1+1+1+1+1+1+1+1+1+1+1+1+1+1+1+1+1+1+1+1+1+1+1+1+1+1+1+1+1+1+1+1+1+1+1+1+1+1+1+1+1+1+1+1+1+1+1+1+1+1+1+1+1+1+1+1,96,97,97,False,1,"[""97""]",[-0.337002],"[[{""token"": ""97"", ""bytes"": [57, 55], ""logprob"": -0.337002}, {""token"": ""96"", ""bytes"": [57, 54], ""logprob"": -1.337002}, {""token"": ""98"", ""bytes"": [57, 56], ""logprob"": -4.087002}]]",761.4,v1/responses,2026-05-24T22:39:36.848272+00:00,
gpt-5.4-mini,1+1+1+1+1+1+1+1+1+1+1+1+1+1+1+1+1+1+1+1+1+1+1+1+1+1+1+1+1+1+1+1+1+1+1+1+1+1+1+1+1+1+1+1+1+1+1+1+1+1+1+1+1+1+1+1+1+1+1+1+1+1+1+1+1+1+1+1+1+1+1+1+1+1+1+1+1+1+1+1+1+1+1+1+1+1+1+1+1+1+1+1+1+1+1+1+1,97,97,97,True,0,"[""97""]",[-0.644196],"[[{""token"": ""97"", ""bytes"": [57, 55], ""logprob"": -0.644196}, {""token"": ""98"", ""bytes"": [57, 56], ""logprob"": -0.894196}, {""token"": ""99"", ""bytes"": [57, 57], ""logprob"": -3.394196}, {""token"": ""96"", ""bytes"": [57, 54], ""logprob"": -3.644196}]]",706.27,v1/responses,2026-05-24T22:39:37.369543+00:00,
gpt-5.4-mini,1+1+1+1+1+1+1+1+1+1+1+1+1+1+1+1+1+1+1+1+1+1+1+1+1+1+1+1+1+1+1+1+1+1+1+1+1+1+1+1+1+1+1+1+1+1+1+1+1+1+1+1+1+1+1+1+1+1+1+1+1+1+1+1+1+1+1+1+1+1+1+1+1+1+1+1+1+1+1+1+1+1+1+1+1+1+1+1+1+1+1+1+1+1+1+1+1+1,98,100,100,False,2,"[""100""]",[-0.202881],"[[{""token"": ""100"", ""bytes"": [49, 48, 48], ""logprob"": -0.202881}, {""token"": ""99"", ""bytes"": [57, 57], ""logprob"": -1.702881}]]",572.0,v1/responses,2026-05-24T22:39:37.428062+00:00,
gpt-5.4-mini,1+1+1+1+1+1+1+1+1+1+1+1+1+1+1+1+1+1+1+1+1+1+1+1+1+1+1+1+1+1+1+1+1+1+1+1+1+1+1+1+1+1+1+1+1+1+1+1+1+1+1+1+1+1+1+1+1+1+1+1+1+1+1+1+1+1+1+1+1+1+1+1+1+1+1+1+1+1+1+1+1+1+1+1+1+1+1+1+1+1+1+1+1+1+1+1+1+1+1,99,100,100,False,1,"[""100""]",[-0.000446],"[[{""token"": ""100"", ""bytes"": [49, 48, 48], ""logprob"": -0.000446}]]",1061.84,v1/responses,2026-05-24T22:39:38.030331+00:00,
gpt-5.4-mini,1+1+1+1+1+1+1+1+1+1+1+1+1+1+1+1+1+1+1+1+1+1+1+1+1+1+1+1+1+1+1+1+1+1+1+1+1+1+1+1+1+1+1+1+1+1+1+1+1+1+1+1+1+1+1+1+1+1+1+1+1+1+1+1+1+1+1+1+1+1+1+1+1+1+1+1+1+1+1+1+1+1+1+1+1+1+1+1+1+1+1+1+1+1+1+1+1+1+1+1,100,100,100,True,0,"[""100""]",[-0.005276],"[[{""token"": ""100"", ""bytes"": [49, 48, 48], ""logprob"": -0.005276}]]",708.93,v1/responses,2026-05-24T22:39:38.084837+00:00,
gpt-5.5,1+1,2,2,2,True,0,"[""2""]",[1.3e-05],"[[{""token"": ""2"", ""bytes"": [50], ""logprob"": 1.3e-05}]]",1428.56,v1/responses,2026-05-24T22:38:59.381822+00:00,
gpt-5.5,1+1+1,3,3,3,True,0,"[""3""]",[2e-06],"[[{""token"": ""3"", ""bytes"": [51], ""logprob"": 2e-06}]]",911.03,v1/responses,2026-05-24T22:39:00.299480+00:00,
gpt-5.5,1+1+1+1,4,4,4,True,0,"[""4""]",[-1.5e-05],"[[{""token"": ""4"", ""bytes"": [52], ""logprob"": -1.5e-05}]]",918.12,v1/responses,2026-05-24T22:39:01.224370+00:00,
gpt-5.5,1+1+1+1+1,5,5,5,True,0,"[""5""]",[-4e-06],"[[{""token"": ""5"", ""bytes"": [53], ""logprob"": -4e-06}]]",1226.24,v1/responses,2026-05-24T22:40:07.285539+00:00,
gpt-5.5,1+1+1+1+1+1,6,6,6,True,0,"[""6""]",[4e-06],"[[{""token"": ""6"", ""bytes"": [54], ""logprob"": 4e-06}]]",1330.96,v1/responses,2026-05-24T22:40:07.416464+00:00,
gpt-5.5,1+1+1+1+1+1+1,7,7,7,True,0,"[""7""]",[0.0],"[[{""token"": ""7"", ""bytes"": [55], ""logprob"": 0.0}]]",1215.02,v1/responses,2026-05-24T22:40:08.296039+00:00,
gpt-5.5,1+1+1+1+1+1+1+1,8,8,8,True,0,"[""8""]",[-1.5e-05],"[[{""token"": ""8"", ""bytes"": [56], ""logprob"": -1.5e-05}]]",998.7,v1/responses,2026-05-24T22:40:08.297522+00:00,
gpt-5.5,1+1+1+1+1+1+1+1+1,9,9,9,True,0,"[""9""]",[-1.1e-05],"[[{""token"": ""9"", ""bytes"": [57], ""logprob"": -1.1e-05}]]",984.78,v1/responses,2026-05-24T22:40:08.413355+00:00,
gpt-5.5,1+1+1+1+1+1+1+1+1+1,10,10,10,True,0,"[""10""]",[2e-06],"[[{""token"": ""10"", ""bytes"": [49, 48], ""logprob"": 2e-06}]]",884.09,v1/responses,2026-05-24T22:40:09.194187+00:00,
gpt-5.5,1+1+1+1+1+1+1+1+1+1+1,11,11,11,True,0,"[""11""]",[-2e-06],"[[{""token"": ""11"", ""bytes"": [49, 49], ""logprob"": -2e-06}]]",903.4,v1/responses,2026-05-24T22:40:09.214443+00:00,
gpt-5.5,1+1+1+1+1+1+1+1+1+1+1+1,12,12,12,True,0,"[""12""]",[6e-06],"[[{""token"": ""12"", ""bytes"": [49, 50], ""logprob"": 6e-06}]]",1029.34,v1/responses,2026-05-24T22:40:09.452664+00:00,
gpt-5.5,1+1+1+1+1+1+1+1+1+1+1+1+1,13,13,13,True,0,"[""13""]",[0.0],"[[{""token"": ""13"", ""bytes"": [49, 51], ""logprob"": 0.0}]]",1073.14,v1/responses,2026-05-24T22:40:10.276823+00:00,
gpt-5.5,1+1+1+1+1+1+1+1+1+1+1+1+1+1,14,14,14,True,0,"[""14""]",[-1.6e-05],"[[{""token"": ""14"", ""bytes"": [49, 52], ""logprob"": -1.5e-05}]]",1233.38,v1/responses,2026-05-24T22:40:10.454683+00:00,
gpt-5.5,1+1+1+1+1+1+1+1+1+1+1+1+1+1+1,15,15,15,True,0,"[""15""]",[3e-06],"[[{""token"": ""15"", ""bytes"": [49, 53], ""logprob"": 4e-06}]]",837.45,v1/responses,2026-05-24T22:40:10.303204+00:00,
gpt-5.5,1+1+1+1+1+1+1+1+1+1+1+1+1+1+1+1,16,16,16,True,0,"[""16""]",[1e-05],"[[{""token"": ""16"", ""bytes"": [49, 54], ""logprob"": 1e-05}]]",1195.14,v1/responses,2026-05-24T22:40:11.484680+00:00,
gpt-5.5,1+1+1+1+1+1+1+1+1+1+1+1+1+1+1+1+1,17,17,17,True,0,"[""17""]",[-2e-06],"[[{""token"": ""17"", ""bytes"": [49, 55], ""logprob"": -2e-06}]]",954.07,v1/responses,2026-05-24T22:40:11.265387+00:00,
gpt-5.5,1+1+1+1+1+1+1+1+1+1+1+1+1+1+1+1+1+1,18,18,18,True,0,"[""18""]",[-1e-05],"[[{""token"": ""18"", ""bytes"": [49, 56], ""logprob"": -1.1e-05}]]",1043.39,v1/responses,2026-05-24T22:40:11.511298+00:00,
gpt-5.5,1+1+1+1+1+1+1+1+1+1+1+1+1+1+1+1+1+1+1,19,19,19,True,0,"[""19""]",[-6e-06],"[[{""token"": ""19"", ""bytes"": [49, 57], ""logprob"": -6e-06}]]",896.83,v1/responses,2026-05-24T22:40:12.176670+00:00,
gpt-5.5,1+1+1+1+1+1+1+1+1+1+1+1+1+1+1+1+1+1+1+1,20,20,20,True,0,"[""20""]",[-1e-05],"[[{""token"": ""20"", ""bytes"": [50, 48], ""logprob"": -1e-05}]]",1301.27,v1/responses,2026-05-24T22:40:12.799677+00:00,
gpt-5.5,1+1+1+1+1+1+1+1+1+1+1+1+1+1+1+1+1+1+1+1+1,21,21,21,True,0,"[""21""]",[2e-06],"[[{""token"": ""21"", ""bytes"": [50, 49], ""logprob"": 2e-06}]]",807.38,v1/responses,2026-05-24T22:40:12.326610+00:00,
gpt-5.5,1+1+1+1+1+1+1+1+1+1+1+1+1+1+1+1+1+1+1+1+1+1,22,22,22,True,0,"[""22""]",[-8e-06],"[[{""token"": ""22"", ""bytes"": [50, 50], ""logprob"": -8e-06}]]",917.11,v1/responses,2026-05-24T22:40:13.107620+00:00,
gpt-5.5,1+1+1+1+1+1+1+1+1+1+1+1+1+1+1+1+1+1+1+1+1+1+1,23,23,23,True,0,"[""23""]",[-5e-06],"[[{""token"": ""23"", ""bytes"": [50, 51], ""logprob"": -4e-06}]]",1487.63,v1/responses,2026-05-24T22:40:13.827366+00:00,
gpt-5.5,1+1+1+1+1+1+1+1+1+1+1+1+1+1+1+1+1+1+1+1+1+1+1+1,24,24,24,True,0,"[""24""]",[-1.6e-05],"[[{""token"": ""24"", ""bytes"": [50, 52], ""logprob"": -1.5e-05}]]",1016.18,v1/responses,2026-05-24T22:40:13.826030+00:00,
gpt-5.5,1+1+1+1+1+1+1+1+1+1+1+1+1+1+1+1+1+1+1+1+1+1+1+1+1,25,25,25,True,0,"[""25""]",[-1e-05],"[[{""token"": ""25"", ""bytes"": [50, 53], ""logprob"": -1e-05}]]",1217.66,v1/responses,2026-05-24T22:40:14.335890+00:00,
gpt-5.5,1+1+1+1+1+1+1+1+1+1+1+1+1+1+1+1+1+1+1+1+1+1+1+1+1+1,26,26,26,True,0,"[""26""]",[-4e-06],"[[{""token"": ""26"", ""bytes"": [50, 54], ""logprob"": -4e-06}]]",1623.99,v1/responses,2026-05-24T22:40:15.464810+00:00,
gpt-5.5,1+1+1+1+1+1+1+1+1+1+1+1+1+1+1+1+1+1+1+1+1+1+1+1+1+1+1,27,27,27,True,0,"[""27""]",[4e-06],"[[{""token"": ""27"", ""bytes"": [50, 55], ""logprob"": 4e-06}]]",1007.02,v1/responses,2026-05-24T22:40:14.848837+00:00,
gpt-5.5,1+1+1+1+1+1+1+1+1+1+1+1+1+1+1+1+1+1+1+1+1+1+1+1+1+1+1+1,28,28,28,True,0,"[""28""]",[2e-06],"[[{""token"": ""28"", ""bytes"": [50, 56], ""logprob"": 2e-06}]]",1117.52,v1/responses,2026-05-24T22:40:15.466277+00:00,
gpt-5.5,1+1+1+1+1+1+1+1+1+1+1+1+1+1+1+1+1+1+1+1+1+1+1+1+1+1+1+1+1,29,29,29,True,0,"[""29""]",[1.1e-05],"[[{""token"": ""29"", ""bytes"": [50, 57], ""logprob"": 1.1e-05}]]",2238.84,v1/responses,2026-05-24T22:40:17.101300+00:00,
gpt-5.5,1+1+1+1+1+1+1+1+1+1+1+1+1+1+1+1+1+1+1+1+1+1+1+1+1+1+1+1+1+1,30,30,30,True,0,"[""30""]",[-1e-05],"[[{""token"": ""30"", ""bytes"": [51, 48], ""logprob"": -1e-05}]]",974.27,v1/responses,2026-05-24T22:40:16.454776+00:00,
gpt-5.5,1+1+1+1+1+1+1+1+1+1+1+1+1+1+1+1+1+1+1+1+1+1+1+1+1+1+1+1+1+1+1,31,31,31,True,0,"[""31""]",[0.0],"[[{""token"": ""31"", ""bytes"": [51, 49], ""logprob"": 0.0}]]",795.65,v1/responses,2026-05-24T22:40:16.277123+00:00,
gpt-5.5,1+1+1+1+1+1+1+1+1+1+1+1+1+1+1+1+1+1+1+1+1+1+1+1+1+1+1+1+1+1+1+1,32,32,32,True,0,"[""32""]",[-1.7e-05],"[[{""token"": ""32"", ""bytes"": [51, 50], ""logprob"": -1.7e-05}]]",1008.96,v1/responses,2026-05-24T22:40:17.292630+00:00,
gpt-5.5,1+1+1+1+1+1+1+1+1+1+1+1+1+1+1+1+1+1+1+1+1+1+1+1+1+1+1+1+1+1+1+1+1,33,33,33,True,0,"[""33""]",[0.0],"[[{""token"": ""33"", ""bytes"": [51, 51], ""logprob"": 0.0}]]",1249.03,v1/responses,2026-05-24T22:40:17.717119+00:00,
gpt-5.5,1+1+1+1+1+1+1+1+1+1+1+1+1+1+1+1+1+1+1+1+1+1+1+1+1+1+1+1+1+1+1+1+1+1,34,34,34,True,0,"[""34""]",[-6e-06],"[[{""token"": ""34"", ""bytes"": [51, 52], ""logprob"": -6e-06}]]",922.59,v1/responses,2026-05-24T22:40:18.035846+00:00,
gpt-5.5,1+1+1+1+1+1+1+1+1+1+1+1+1+1+1+1+1+1+1+1+1+1+1+1+1+1+1+1+1+1+1+1+1+1+1,35,35,35,True,0,"[""35""]",[-1e-05],"[[{""token"": ""35"", ""bytes"": [51, 53], ""logprob"": -1.1e-05}]]",1131.67,v1/responses,2026-05-24T22:40:18.434418+00:00,
gpt-5.5,1+1+1+1+1+1+1+1+1+1+1+1+1+1+1+1+1+1+1+1+1+1+1+1+1+1+1+1+1+1+1+1+1+1+1+1,36,36,36,True,0,"[""36""]",[-1e-05],"[[{""token"": ""36"", ""bytes"": [51, 54], ""logprob"": -1.1e-05}]]",1865.27,v1/responses,2026-05-24T22:40:19.593063+00:00,
gpt-5.5,1+1+1+1+1+1+1+1+1+1+1+1+1+1+1+1+1+1+1+1+1+1+1+1+1+1+1+1+1+1+1+1+1+1+1+1+1,37,37,37,True,0,"[""37""]",[-2.6e-05],"[[{""token"": ""37"", ""bytes"": [51, 55], ""logprob"": -2.7e-05}]]",1206.96,v1/responses,2026-05-24T22:40:19.255439+00:00,
gpt-5.5,1+1+1+1+1+1+1+1+1+1+1+1+1+1+1+1+1+1+1+1+1+1+1+1+1+1+1+1+1+1+1+1+1+1+1+1+1+1,38,38,38,True,0,"[""38""]",[-2e-05],"[[{""token"": ""38"", ""bytes"": [51, 56], ""logprob"": -1.9e-05}]]",1089.84,v1/responses,2026-05-24T22:40:19.536716+00:00,
gpt-5.5,1+1+1+1+1+1+1+1+1+1+1+1+1+1+1+1+1+1+1+1+1+1+1+1+1+1+1+1+1+1+1+1+1+1+1+1+1+1+1,39,39,39,True,0,"[""39""]",[-3.3e-05],"[[{""token"": ""39"", ""bytes"": [51, 57], ""logprob"": -3.4e-05}]]",991.9,v1/responses,2026-05-24T22:40:20.257537+00:00,
gpt-5.5,1+1+1+1+1+1+1+1+1+1+1+1+1+1+1+1+1+1+1+1+1+1+1+1+1+1+1+1+1+1+1+1+1+1+1+1+1+1+1+1,40,40,40,True,0,"[""40""]",[-5e-06],"[[{""token"": ""40"", ""bytes"": [52, 48], ""logprob"": -4e-06}]]",935.73,v1/responses,2026-05-24T22:40:20.483837+00:00,
gpt-5.5,1+1+1+1+1+1+1+1+1+1+1+1+1+1+1+1+1+1+1+1+1+1+1+1+1+1+1+1+1+1+1+1+1+1+1+1+1+1+1+1+1,41,41,41,True,0,"[""41""]",[-1.1e-05],"[[{""token"": ""41"", ""bytes"": [52, 49], ""logprob"": -1.1e-05}]]",969.08,v1/responses,2026-05-24T22:40:20.571116+00:00,
gpt-5.5,1+1+1+1+1+1+1+1+1+1+1+1+1+1+1+1+1+1+1+1+1+1+1+1+1+1+1+1+1+1+1+1+1+1+1+1+1+1+1+1+1+1,42,42,42,True,0,"[""42""]",[-2.7e-05],"[[{""token"": ""42"", ""bytes"": [52, 50], ""logprob"": -2.7e-05}]]",1093.72,v1/responses,2026-05-24T22:40:21.358456+00:00,
gpt-5.5,1+1+1+1+1+1+1+1+1+1+1+1+1+1+1+1+1+1+1+1+1+1+1+1+1+1+1+1+1+1+1+1+1+1+1+1+1+1+1+1+1+1+1,43,43,43,True,0,"[""43""]",[-3.5e-05],"[[{""token"": ""43"", ""bytes"": [52, 51], ""logprob"": -3.4e-05}]]",1108.35,v1/responses,2026-05-24T22:40:21.597772+00:00,
gpt-5.5,1+1+1+1+1+1+1+1+1+1+1+1+1+1+1+1+1+1+1+1+1+1+1+1+1+1+1+1+1+1+1+1+1+1+1+1+1+1+1+1+1+1+1+1,44,44,44,True,0,"[""44""]",[0.0],"[[{""token"": ""44"", ""bytes"": [52, 52], ""logprob"": 0.0}]]",1125.65,v1/responses,2026-05-24T22:40:21.705585+00:00,
gpt-5.5,1+1+1+1+1+1+1+1+1+1+1+1+1+1+1+1+1+1+1+1+1+1+1+1+1+1+1+1+1+1+1+1+1+1+1+1+1+1+1+1+1+1+1+1+1,45,45,45,True,0,"[""45""]",[-1.5e-05],"[[{""token"": ""45"", ""bytes"": [52, 53], ""logprob"": -1.5e-05}]]",944.88,v1/responses,2026-05-24T22:40:22.315308+00:00,
gpt-5.5,1+1+1+1+1+1+1+1+1+1+1+1+1+1+1+1+1+1+1+1+1+1+1+1+1+1+1+1+1+1+1+1+1+1+1+1+1+1+1+1+1+1+1+1+1+1,46,46,46,True,0,"[""46""]",[-3.1e-05],"[[{""token"": ""46"", ""bytes"": [52, 54], ""logprob"": -3.1e-05}]]",878.15,v1/responses,2026-05-24T22:40:22.486680+00:00,
gpt-5.5,1+1+1+1+1+1+1+1+1+1+1+1+1+1+1+1+1+1+1+1+1+1+1+1+1+1+1+1+1+1+1+1+1+1+1+1+1+1+1+1+1+1+1+1+1+1+1,47,47,47,True,0,"[""47""]",[-1.2e-05],"[[{""token"": ""47"", ""bytes"": [52, 55], ""logprob"": -1.1e-05}]]",1224.3,v1/responses,2026-05-24T22:40:22.939677+00:00,
gpt-5.5,1+1+1+1+1+1+1+1+1+1+1+1+1+1+1+1+1+1+1+1+1+1+1+1+1+1+1+1+1+1+1+1+1+1+1+1+1+1+1+1+1+1+1+1+1+1+1+1,48,48,48,True,0,"[""48""]",[-1.8e-05],"[[{""token"": ""48"", ""bytes"": [52, 56], ""logprob"": -1.9e-05}]]",1024.35,v1/responses,2026-05-24T22:40:23.348170+00:00,
gpt-5.5,1+1+1+1+1+1+1+1+1+1+1+1+1+1+1+1+1+1+1+1+1+1+1+1+1+1+1+1+1+1+1+1+1+1+1+1+1+1+1+1+1+1+1+1+1+1+1+1+1,49,49,49,True,0,"[""49""]",[-2e-05],"[[{""token"": ""49"", ""bytes"": [52, 57], ""logprob"": -1.9e-05}]]",1582.35,v1/responses,2026-05-24T22:40:24.081251+00:00,
gpt-5.5,1+1+1+1+1+1+1+1+1+1+1+1+1+1+1+1+1+1+1+1+1+1+1+1+1+1+1+1+1+1+1+1+1+1+1+1+1+1+1+1+1+1+1+1+1+1+1+1+1+1,50,50,50,True,0,"[""50""]",[-1e-05],"[[{""token"": ""50"", ""bytes"": [53, 48], ""logprob"": -1e-05}]]",1010.26,v1/responses,2026-05-24T22:40:23.962351+00:00,
gpt-5.5,1+1+1+1+1+1+1+1+1+1+1+1+1+1+1+1+1+1+1+1+1+1+1+1+1+1+1+1+1+1+1+1+1+1+1+1+1+1+1+1+1+1+1+1+1+1+1+1+1+1+1,51,51,51,True,0,"[""51""]",[-7.6e-05],"[[{""token"": ""51"", ""bytes"": [53, 49], ""logprob"": -7.6e-05}]]",1212.51,v1/responses,2026-05-24T22:40:24.574099+00:00,
gpt-5.5,1+1+1+1+1+1+1+1+1+1+1+1+1+1+1+1+1+1+1+1+1+1+1+1+1+1+1+1+1+1+1+1+1+1+1+1+1+1+1+1+1+1+1+1+1+1+1+1+1+1+1+1,52,52,52,True,0,"[""52""]",[-2e-05],"[[{""token"": ""52"", ""bytes"": [53, 50], ""logprob"": -1.9e-05}]]",1118.86,v1/responses,2026-05-24T22:40:25.090060+00:00,
gpt-5.5,1+1+1+1+1+1+1+1+1+1+1+1+1+1+1+1+1+1+1+1+1+1+1+1+1+1+1+1+1+1+1+1+1+1+1+1+1+1+1+1+1+1+1+1+1+1+1+1+1+1+1+1+1,53,53,53,True,0,"[""53""]",[-8.1e-05],"[[{""token"": ""53"", ""bytes"": [53, 51], ""logprob"": -8e-05}]]",1000.89,v1/responses,2026-05-24T22:40:25.091290+00:00,
gpt-5.5,1+1+1+1+1+1+1+1+1+1+1+1+1+1+1+1+1+1+1+1+1+1+1+1+1+1+1+1+1+1+1+1+1+1+1+1+1+1+1+1+1+1+1+1+1+1+1+1+1+1+1+1+1+1,54,54,54,True,0,"[""54""]",[6e-06],"[[{""token"": ""54"", ""bytes"": [53, 52], ""logprob"": 6e-06}]]",1015.94,v1/responses,2026-05-24T22:40:25.600014+00:00,
gpt-5.5,1+1+1+1+1+1+1+1+1+1+1+1+1+1+1+1+1+1+1+1+1+1+1+1+1+1+1+1+1+1+1+1+1+1+1+1+1+1+1+1+1+1+1+1+1+1+1+1+1+1+1+1+1+1+1,55,55,55,True,0,"[""55""]",[-2.2e-05],"[[{""token"": ""55"", ""bytes"": [53, 53], ""logprob"": -2.3e-05}]]",910.01,v1/responses,2026-05-24T22:40:26.012856+00:00,
gpt-5.5,1+1+1+1+1+1+1+1+1+1+1+1+1+1+1+1+1+1+1+1+1+1+1+1+1+1+1+1+1+1+1+1+1+1+1+1+1+1+1+1+1+1+1+1+1+1+1+1+1+1+1+1+1+1+1+1,56,56,56,True,0,"[""56""]",[-1.8e-05],"[[{""token"": ""56"", ""bytes"": [53, 54], ""logprob"": -1.9e-05}]]",910.21,v1/responses,2026-05-24T22:40:26.012307+00:00,
gpt-5.5,1+1+1+1+1+1+1+1+1+1+1+1+1+1+1+1+1+1+1+1+1+1+1+1+1+1+1+1+1+1+1+1+1+1+1+1+1+1+1+1+1+1+1+1+1+1+1+1+1+1+1+1+1+1+1+1+1,57,57,57,True,0,"[""57""]",[-4.3e-05],"[[{""token"": ""57"", ""bytes"": [53, 55], ""logprob"": -4.2e-05}]]",908.11,v1/responses,2026-05-24T22:40:26.519173+00:00,
gpt-5.5,1+1+1+1+1+1+1+1+1+1+1+1+1+1+1+1+1+1+1+1+1+1+1+1+1+1+1+1+1+1+1+1+1+1+1+1+1+1+1+1+1+1+1+1+1+1+1+1+1+1+1+1+1+1+1+1+1+1,58,58,58,True,0,"[""58""]",[-6e-06],"[[{""token"": ""58"", ""bytes"": [53, 56], ""logprob"": -6e-06}]]",1014.87,v1/responses,2026-05-24T22:40:27.034269+00:00,
gpt-5.5,1+1+1+1+1+1+1+1+1+1+1+1+1+1+1+1+1+1+1+1+1+1+1+1+1+1+1+1+1+1+1+1+1+1+1+1+1+1+1+1+1+1+1+1+1+1+1+1+1+1+1+1+1+1+1+1+1+1+1,59,59,59,True,0,"[""59""]",[-0.000241],"[[{""token"": ""59"", ""bytes"": [53, 57], ""logprob"": -0.00024}]]",1016.21,v1/responses,2026-05-24T22:40:27.035116+00:00,
gpt-5.5,1+1+1+1+1+1+1+1+1+1+1+1+1+1+1+1+1+1+1+1+1+1+1+1+1+1+1+1+1+1+1+1+1+1+1+1+1+1+1+1+1+1+1+1+1+1+1+1+1+1+1+1+1+1+1+1+1+1+1+1,60,60,60,True,0,"[""60""]",[-1.2e-05],"[[{""token"": ""60"", ""bytes"": [54, 48], ""logprob"": -1.1e-05}]]",915.18,v1/responses,2026-05-24T22:40:27.441784+00:00,
gpt-5.5,1+1+1+1+1+1+1+1+1+1+1+1+1+1+1+1+1+1+1+1+1+1+1+1+1+1+1+1+1+1+1+1+1+1+1+1+1+1+1+1+1+1+1+1+1+1+1+1+1+1+1+1+1+1+1+1+1+1+1+1+1,61,61,61,True,0,"[""61""]",[-2.7e-05],"[[{""token"": ""61"", ""bytes"": [54, 49], ""logprob"": -2.7e-05}]]",3177.19,v1/responses,2026-05-24T22:40:30.218537+00:00,
gpt-5.5,1+1+1+1+1+1+1+1+1+1+1+1+1+1+1+1+1+1+1+1+1+1+1+1+1+1+1+1+1+1+1+1+1+1+1+1+1+1+1+1+1+1+1+1+1+1+1+1+1+1+1+1+1+1+1+1+1+1+1+1+1+1,62,62,62,True,0,"[""62""]",[-1.3e-05],"[[{""token"": ""62"", ""bytes"": [54, 50], ""logprob"": -1.3e-05}]]",1018.39,v1/responses,2026-05-24T22:40:28.059494+00:00,
gpt-5.5,1+1+1+1+1+1+1+1+1+1+1+1+1+1+1+1+1+1+1+1+1+1+1+1+1+1+1+1+1+1+1+1+1+1+1+1+1+1+1+1+1+1+1+1+1+1+1+1+1+1+1+1+1+1+1+1+1+1+1+1+1+1+1,63,63,63,True,0,"[""63""]",[-3.1e-05],"[[{""token"": ""63"", ""bytes"": [54, 51], ""logprob"": -3.1e-05}]]",1223.87,v1/responses,2026-05-24T22:40:28.672714+00:00,
gpt-5.5,1+1+1+1+1+1+1+1+1+1+1+1+1+1+1+1+1+1+1+1+1+1+1+1+1+1+1+1+1+1+1+1+1+1+1+1+1+1+1+1+1+1+1+1+1+1+1+1+1+1+1+1+1+1+1+1+1+1+1+1+1+1+1+1,64,64,64,True,0,"[""64""]",[-1.7e-05],"[[{""token"": ""64"", ""bytes"": [54, 52], ""logprob"": -1.7e-05}]]",1343.45,v1/responses,2026-05-24T22:40:29.410706+00:00,
gpt-5.5,1+1+1+1+1+1+1+1+1+1+1+1+1+1+1+1+1+1+1+1+1+1+1+1+1+1+1+1+1+1+1+1+1+1+1+1+1+1+1+1+1+1+1+1+1+1+1+1+1+1+1+1+1+1+1+1+1+1+1+1+1+1+1+1+1,65,65,65,True,0,"[""65""]",[-4.9e-05],"[[{""token"": ""65"", ""bytes"": [54, 53], ""logprob"": -5e-05}]]",1074.24,v1/responses,2026-05-24T22:40:29.760484+00:00,
gpt-5.5,1+1+1+1+1+1+1+1+1+1+1+1+1+1+1+1+1+1+1+1+1+1+1+1+1+1+1+1+1+1+1+1+1+1+1+1+1+1+1+1+1+1+1+1+1+1+1+1+1+1+1+1+1+1+1+1+1+1+1+1+1+1+1+1+1+1,66,66,66,True,0,"[""66""]",[-0.000113],"[[{""token"": ""66"", ""bytes"": [54, 54], ""logprob"": -0.000113}]]",1302.83,v1/responses,2026-05-24T22:40:30.722015+00:00,
gpt-5.5,1+1+1+1+1+1+1+1+1+1+1+1+1+1+1+1+1+1+1+1+1+1+1+1+1+1+1+1+1+1+1+1+1+1+1+1+1+1+1+1+1+1+1+1+1+1+1+1+1+1+1+1+1+1+1+1+1+1+1+1+1+1+1+1+1+1+1,67,67,67,True,0,"[""67""]",[-9.1e-05],"[[{""token"": ""67"", ""bytes"": [54, 55], ""logprob"": -9.2e-05}]]",961.41,v1/responses,2026-05-24T22:40:30.732646+00:00,
gpt-5.5,1+1+1+1+1+1+1+1+1+1+1+1+1+1+1+1+1+1+1+1+1+1+1+1+1+1+1+1+1+1+1+1+1+1+1+1+1+1+1+1+1+1+1+1+1+1+1+1+1+1+1+1+1+1+1+1+1+1+1+1+1+1+1+1+1+1+1+1,68,68,68,True,0,"[""68""]",[-1.2e-05],"[[{""token"": ""68"", ""bytes"": [54, 56], ""logprob"": -1.1e-05}]]",1166.91,v1/responses,2026-05-24T22:40:31.399106+00:00,
gpt-5.5,1+1+1+1+1+1+1+1+1+1+1+1+1+1+1+1+1+1+1+1+1+1+1+1+1+1+1+1+1+1+1+1+1+1+1+1+1+1+1+1+1+1+1+1+1+1+1+1+1+1+1+1+1+1+1+1+1+1+1+1+1+1+1+1+1+1+1+1+1,69,69,69,True,0,"[""69""]",[-5.1e-05],"[[{""token"": ""69"", ""bytes"": [54, 57], ""logprob"": -5e-05}]]",1059.26,v1/responses,2026-05-24T22:40:31.789438+00:00,
gpt-5.5,1+1+1+1+1+1+1+1+1+1+1+1+1+1+1+1+1+1+1+1+1+1+1+1+1+1+1+1+1+1+1+1+1+1+1+1+1+1+1+1+1+1+1+1+1+1+1+1+1+1+1+1+1+1+1+1+1+1+1+1+1+1+1+1+1+1+1+1+1+1,70,70,70,True,0,"[""70""]",[1.3e-05],"[[{""token"": ""70"", ""bytes"": [55, 48], ""logprob"": 1.3e-05}]]",1001.51,v1/responses,2026-05-24T22:40:31.745010+00:00,
gpt-5.5,1+1+1+1+1+1+1+1+1+1+1+1+1+1+1+1+1+1+1+1+1+1+1+1+1+1+1+1+1+1+1+1+1+1+1+1+1+1+1+1+1+1+1+1+1+1+1+1+1+1+1+1+1+1+1+1+1+1+1+1+1+1+1+1+1+1+1+1+1+1+1,71,71,71,True,0,"[""71""]",[-0.000589],"[[{""token"": ""71"", ""bytes"": [55, 49], ""logprob"": -0.000589}]]",951.22,v1/responses,2026-05-24T22:40:32.359109+00:00,
gpt-5.5,1+1+1+1+1+1+1+1+1+1+1+1+1+1+1+1+1+1+1+1+1+1+1+1+1+1+1+1+1+1+1+1+1+1+1+1+1+1+1+1+1+1+1+1+1+1+1+1+1+1+1+1+1+1+1+1+1+1+1+1+1+1+1+1+1+1+1+1+1+1+1+1,72,72,72,True,0,"[""72""]",[-1.9e-05],"[[{""token"": ""72"", ""bytes"": [55, 50], ""logprob"": -1.9e-05}]]",858.75,v1/responses,2026-05-24T22:40:32.617438+00:00,
gpt-5.5,1+1+1+1+1+1+1+1+1+1+1+1+1+1+1+1+1+1+1+1+1+1+1+1+1+1+1+1+1+1+1+1+1+1+1+1+1+1+1+1+1+1+1+1+1+1+1+1+1+1+1+1+1+1+1+1+1+1+1+1+1+1+1+1+1+1+1+1+1+1+1+1+1,73,73,73,True,0,"[""73""]",[-0.000718],"[[{""token"": ""73"", ""bytes"": [55, 51], ""logprob"": -0.000717}]]",923.3,v1/responses,2026-05-24T22:40:32.722884+00:00,
gpt-5.5,1+1+1+1+1+1+1+1+1+1+1+1+1+1+1+1+1+1+1+1+1+1+1+1+1+1+1+1+1+1+1+1+1+1+1+1+1+1+1+1+1+1+1+1+1+1+1+1+1+1+1+1+1+1+1+1+1+1+1+1+1+1+1+1+1+1+1+1+1+1+1+1+1+1,74,74,74,True,0,"[""74""]",[-0.000398],"[[{""token"": ""74"", ""bytes"": [55, 52], ""logprob"": -0.000397}]]",847.95,v1/responses,2026-05-24T22:40:33.219838+00:00,
gpt-5.5,1+1+1+1+1+1+1+1+1+1+1+1+1+1+1+1+1+1+1+1+1+1+1+1+1+1+1+1+1+1+1+1+1+1+1+1+1+1+1+1+1+1+1+1+1+1+1+1+1+1+1+1+1+1+1+1+1+1+1+1+1+1+1+1+1+1+1+1+1+1+1+1+1+1+1,75,75,75,True,0,"[""75""]",[-3.2e-05],"[[{""token"": ""75"", ""bytes"": [55, 53], ""logprob"": -3.2e-05}]]",737.46,v1/responses,2026-05-24T22:40:33.368481+00:00,
gpt-5.5,1+1+1+1+1+1+1+1+1+1+1+1+1+1+1+1+1+1+1+1+1+1+1+1+1+1+1+1+1+1+1+1+1+1+1+1+1+1+1+1+1+1+1+1+1+1+1+1+1+1+1+1+1+1+1+1+1+1+1+1+1+1+1+1+1+1+1+1+1+1+1+1+1+1+1+1,76,76,76,True,0,"[""76""]",[-9.1e-05],"[[{""token"": ""76"", ""bytes"": [55, 54], ""logprob"": -9.2e-05}]]",852.9,v1/responses,2026-05-24T22:40:33.588741+00:00,
gpt-5.5,1+1+1+1+1+1+1+1+1+1+1+1+1+1+1+1+1+1+1+1+1+1+1+1+1+1+1+1+1+1+1+1+1+1+1+1+1+1+1+1+1+1+1+1+1+1+1+1+1+1+1+1+1+1+1+1+1+1+1+1+1+1+1+1+1+1+1+1+1+1+1+1+1+1+1+1+1,77,77,77,True,0,"[""77""]",[-0.000343],"[[{""token"": ""77"", ""bytes"": [55, 55], ""logprob"": -0.000343}]]",971.29,v1/responses,2026-05-24T22:40:34.203725+00:00,
gpt-5.5,1+1+1+1+1+1+1+1+1+1+1+1+1+1+1+1+1+1+1+1+1+1+1+1+1+1+1+1+1+1+1+1+1+1+1+1+1+1+1+1+1+1+1+1+1+1+1+1+1+1+1+1+1+1+1+1+1+1+1+1+1+1+1+1+1+1+1+1+1+1+1+1+1+1+1+1+1+1,78,78,78,True,0,"[""78""]",[-0.000193],"[[{""token"": ""78"", ""bytes"": [55, 56], ""logprob"": -0.000193}]]",826.47,v1/responses,2026-05-24T22:40:34.207864+00:00,
gpt-5.5,1+1+1+1+1+1+1+1+1+1+1+1+1+1+1+1+1+1+1+1+1+1+1+1+1+1+1+1+1+1+1+1+1+1+1+1+1+1+1+1+1+1+1+1+1+1+1+1+1+1+1+1+1+1+1+1+1+1+1+1+1+1+1+1+1+1+1+1+1+1+1+1+1+1+1+1+1+1+1,79,79,79,True,0,"[""79""]",[-0.000248],"[[{""token"": ""79"", ""bytes"": [55, 57], ""logprob"": -0.000248}]]",2741.4,v1/responses,2026-05-24T22:40:36.342565+00:00,
gpt-5.5,1+1+1+1+1+1+1+1+1+1+1+1+1+1+1+1+1+1+1+1+1+1+1+1+1+1+1+1+1+1+1+1+1+1+1+1+1+1+1+1+1+1+1+1+1+1+1+1+1+1+1+1+1+1+1+1+1+1+1+1+1+1+1+1+1+1+1+1+1+1+1+1+1+1+1+1+1+1+1+1,80,80,80,True,0,"[""80""]",[-2e-06],"[[{""token"": ""80"", ""bytes"": [56, 48], ""logprob"": -2e-06}]]",1104.22,v1/responses,2026-05-24T22:40:35.316783+00:00,
gpt-5.5,1+1+1+1+1+1+1+1+1+1+1+1+1+1+1+1+1+1+1+1+1+1+1+1+1+1+1+1+1+1+1+1+1+1+1+1+1+1+1+1+1+1+1+1+1+1+1+1+1+1+1+1+1+1+1+1+1+1+1+1+1+1+1+1+1+1+1+1+1+1+1+1+1+1+1+1+1+1+1+1+1,81,81,81,True,0,"[""81""]",[-8.3e-05],"[[{""token"": ""81"", ""bytes"": [56, 49], ""logprob"": -8.4e-05}]]",966.49,v1/responses,2026-05-24T22:40:35.181886+00:00,
gpt-5.5,1+1+1+1+1+1+1+1+1+1+1+1+1+1+1+1+1+1+1+1+1+1+1+1+1+1+1+1+1+1+1+1+1+1+1+1+1+1+1+1+1+1+1+1+1+1+1+1+1+1+1+1+1+1+1+1+1+1+1+1+1+1+1+1+1+1+1+1+1+1+1+1+1+1+1+1+1+1+1+1+1+1,82,82,82,True,0,"[""82""]",[-3.6e-05],"[[{""token"": ""82"", ""bytes"": [56, 50], ""logprob"": -3.6e-05}]]",1098.57,v1/responses,2026-05-24T22:40:36.293302+00:00,
gpt-5.5,1+1+1+1+1+1+1+1+1+1+1+1+1+1+1+1+1+1+1+1+1+1+1+1+1+1+1+1+1+1+1+1+1+1+1+1+1+1+1+1+1+1+1+1+1+1+1+1+1+1+1+1+1+1+1+1+1+1+1+1+1+1+1+1+1+1+1+1+1+1+1+1+1+1+1+1+1+1+1+1+1+1+1,83,83,83,True,0,"[""83""]",[-8.1e-05],"[[{""token"": ""83"", ""bytes"": [56, 51], ""logprob"": -8e-05}]]",997.19,v1/responses,2026-05-24T22:40:36.319846+00:00,
gpt-5.5,1+1+1+1+1+1+1+1+1+1+1+1+1+1+1+1+1+1+1+1+1+1+1+1+1+1+1+1+1+1+1+1+1+1+1+1+1+1+1+1+1+1+1+1+1+1+1+1+1+1+1+1+1+1+1+1+1+1+1+1+1+1+1+1+1+1+1+1+1+1+1+1+1+1+1+1+1+1+1+1+1+1+1+1,84,84,84,True,0,"[""84""]",[-3.8e-05],"[[{""token"": ""84"", ""bytes"": [56, 52], ""logprob"": -3.8e-05}]]",992.41,v1/responses,2026-05-24T22:40:37.292678+00:00,
gpt-5.5,1+1+1+1+1+1+1+1+1+1+1+1+1+1+1+1+1+1+1+1+1+1+1+1+1+1+1+1+1+1+1+1+1+1+1+1+1+1+1+1+1+1+1+1+1+1+1+1+1+1+1+1+1+1+1+1+1+1+1+1+1+1+1+1+1+1+1+1+1+1+1+1+1+1+1+1+1+1+1+1+1+1+1+1+1,85,85,85,True,0,"[""85""]",[-8.4e-05],"[[{""token"": ""85"", ""bytes"": [56, 53], ""logprob"": -8.4e-05}]]",840.5,v1/responses,2026-05-24T22:40:37.170062+00:00,
gpt-5.5,1+1+1+1+1+1+1+1+1+1+1+1+1+1+1+1+1+1+1+1+1+1+1+1+1+1+1+1+1+1+1+1+1+1+1+1+1+1+1+1+1+1+1+1+1+1+1+1+1+1+1+1+1+1+1+1+1+1+1+1+1+1+1+1+1+1+1+1+1+1+1+1+1+1+1+1+1+1+1+1+1+1+1+1+1+1,86,86,86,True,0,"[""86""]",[-0.000187],"[[{""token"": ""86"", ""bytes"": [56, 54], ""logprob"": -0.000187}]]",1037.5,v1/responses,2026-05-24T22:40:37.387263+00:00,
gpt-5.5,1+1+1+1+1+1+1+1+1+1+1+1+1+1+1+1+1+1+1+1+1+1+1+1+1+1+1+1+1+1+1+1+1+1+1+1+1+1+1+1+1+1+1+1+1+1+1+1+1+1+1+1+1+1+1+1+1+1+1+1+1+1+1+1+1+1+1+1+1+1+1+1+1+1+1+1+1+1+1+1+1+1+1+1+1+1+1,87,87,87,True,0,"[""87""]",[-0.000181],"[[{""token"": ""87"", ""bytes"": [56, 55], ""logprob"": -0.000181}]]",970.88,v1/responses,2026-05-24T22:40:38.153974+00:00,
gpt-5.5,1+1+1+1+1+1+1+1+1+1+1+1+1+1+1+1+1+1+1+1+1+1+1+1+1+1+1+1+1+1+1+1+1+1+1+1+1+1+1+1+1+1+1+1+1+1+1+1+1+1+1+1+1+1+1+1+1+1+1+1+1+1+1+1+1+1+1+1+1+1+1+1+1+1+1+1+1+1+1+1+1+1+1+1+1+1+1+1,88,88,88,True,0,"[""88""]",[-0.000301],"[[{""token"": ""88"", ""bytes"": [56, 56], ""logprob"": -0.000301}]]",1012.62,v1/responses,2026-05-24T22:40:38.316769+00:00,
gpt-5.5,1+1+1+1+1+1+1+1+1+1+1+1+1+1+1+1+1+1+1+1+1+1+1+1+1+1+1+1+1+1+1+1+1+1+1+1+1+1+1+1+1+1+1+1+1+1+1+1+1+1+1+1+1+1+1+1+1+1+1+1+1+1+1+1+1+1+1+1+1+1+1+1+1+1+1+1+1+1+1+1+1+1+1+1+1+1+1+1+1,89,89,89,True,0,"[""89""]",[-0.000676],"[[{""token"": ""89"", ""bytes"": [56, 57], ""logprob"": -0.000675}]]",899.66,v1/responses,2026-05-24T22:40:38.299157+00:00,
gpt-5.5,1+1+1+1+1+1+1+1+1+1+1+1+1+1+1+1+1+1+1+1+1+1+1+1+1+1+1+1+1+1+1+1+1+1+1+1+1+1+1+1+1+1+1+1+1+1+1+1+1+1+1+1+1+1+1+1+1+1+1+1+1+1+1+1+1+1+1+1+1+1+1+1+1+1+1+1+1+1+1+1+1+1+1+1+1+1+1+1+1+1,90,90,90,True,0,"[""90""]",[-0.000104],"[[{""token"": ""90"", ""bytes"": [57, 48], ""logprob"": -0.000103}]]",1344.88,v1/responses,2026-05-24T22:40:39.510930+00:00,
gpt-5.5,1+1+1+1+1+1+1+1+1+1+1+1+1+1+1+1+1+1+1+1+1+1+1+1+1+1+1+1+1+1+1+1+1+1+1+1+1+1+1+1+1+1+1+1+1+1+1+1+1+1+1+1+1+1+1+1+1+1+1+1+1+1+1+1+1+1+1+1+1+1+1+1+1+1+1+1+1+1+1+1+1+1+1+1+1+1+1+1+1+1+1,91,91,91,True,0,"[""91""]",[-0.000131],"[[{""token"": ""91"", ""bytes"": [57, 49], ""logprob"": -0.00013}]]",15147.07,v1/responses,2026-05-24T22:40:53.453201+00:00,
gpt-5.5,1+1+1+1+1+1+1+1+1+1+1+1+1+1+1+1+1+1+1+1+1+1+1+1+1+1+1+1+1+1+1+1+1+1+1+1+1+1+1+1+1+1+1+1+1+1+1+1+1+1+1+1+1+1+1+1+1+1+1+1+1+1+1+1+1+1+1+1+1+1+1+1+1+1+1+1+1+1+1+1+1+1+1+1+1+1+1+1+1+1+1+1,92,92,92,True,0,"[""92""]",[-0.000803],"[[{""token"": ""92"", ""bytes"": [57, 50], ""logprob"": -0.000803}]]",1123.53,v1/responses,2026-05-24T22:40:39.448147+00:00,
gpt-5.5,1+1+1+1+1+1+1+1+1+1+1+1+1+1+1+1+1+1+1+1+1+1+1+1+1+1+1+1+1+1+1+1+1+1+1+1+1+1+1+1+1+1+1+1+1+1+1+1+1+1+1+1+1+1+1+1+1+1+1+1+1+1+1+1+1+1+1+1+1+1+1+1+1+1+1+1+1+1+1+1+1+1+1+1+1+1+1+1+1+1+1+1+1,93,93,93,True,0,"[""93""]",[-0.000515],"[[{""token"": ""93"", ""bytes"": [57, 51], ""logprob"": -0.000515}]]",927.56,v1/responses,2026-05-24T22:40:40.388091+00:00,
gpt-5.5,1+1+1+1+1+1+1+1+1+1+1+1+1+1+1+1+1+1+1+1+1+1+1+1+1+1+1+1+1+1+1+1+1+1+1+1+1+1+1+1+1+1+1+1+1+1+1+1+1+1+1+1+1+1+1+1+1+1+1+1+1+1+1+1+1+1+1+1+1+1+1+1+1+1+1+1+1+1+1+1+1+1+1+1+1+1+1+1+1+1+1+1+1+1,94,94,94,True,0,"[""94""]",[-0.000423],"[[{""token"": ""94"", ""bytes"": [57, 52], ""logprob"": -0.000423}]]",1542.07,v1/responses,2026-05-24T22:40:41.062858+00:00,
gpt-5.5,1+1+1+1+1+1+1+1+1+1+1+1+1+1+1+1+1+1+1+1+1+1+1+1+1+1+1+1+1+1+1+1+1+1+1+1+1+1+1+1+1+1+1+1+1+1+1+1+1+1+1+1+1+1+1+1+1+1+1+1+1+1+1+1+1+1+1+1+1+1+1+1+1+1+1+1+1+1+1+1+1+1+1+1+1+1+1+1+1+1+1+1+1+1+1,95,95,95,True,0,"[""95""]",[-0.001072],"[[{""token"": ""95"", ""bytes"": [57, 53], ""logprob"": -0.001072}]]",945.32,v1/responses,2026-05-24T22:40:41.345601+00:00,
gpt-5.5,1+1+1+1+1+1+1+1+1+1+1+1+1+1+1+1+1+1+1+1+1+1+1+1+1+1+1+1+1+1+1+1+1+1+1+1+1+1+1+1+1+1+1+1+1+1+1+1+1+1+1+1+1+1+1+1+1+1+1+1+1+1+1+1+1+1+1+1+1+1+1+1+1+1+1+1+1+1+1+1+1+1+1+1+1+1+1+1+1+1+1+1+1+1+1+1,96,96,96,True,0,"[""96""]",[-8.7e-05],"[[{""token"": ""96"", ""bytes"": [57, 54], ""logprob"": -8.8e-05}]]",914.42,v1/responses,2026-05-24T22:40:41.983669+00:00,
gpt-5.5,1+1+1+1+1+1+1+1+1+1+1+1+1+1+1+1+1+1+1+1+1+1+1+1+1+1+1+1+1+1+1+1+1+1+1+1+1+1+1+1+1+1+1+1+1+1+1+1+1+1+1+1+1+1+1+1+1+1+1+1+1+1+1+1+1+1+1+1+1+1+1+1+1+1+1+1+1+1+1+1+1+1+1+1+1+1+1+1+1+1+1+1+1+1+1+1+1,97,97,97,True,0,"[""97""]",[-0.001266],"[[{""token"": ""97"", ""bytes"": [57, 55], ""logprob"": -0.001266}]]",1038.69,v1/responses,2026-05-24T22:40:42.396876+00:00,
gpt-5.5,1+1+1+1+1+1+1+1+1+1+1+1+1+1+1+1+1+1+1+1+1+1+1+1+1+1+1+1+1+1+1+1+1+1+1+1+1+1+1+1+1+1+1+1+1+1+1+1+1+1+1+1+1+1+1+1+1+1+1+1+1+1+1+1+1+1+1+1+1+1+1+1+1+1+1+1+1+1+1+1+1+1+1+1+1+1+1+1+1+1+1+1+1+1+1+1+1+1,98,98,98,True,0,"[""98""]",[-0.04097],"[[{""token"": ""98"", ""bytes"": [57, 56], ""logprob"": -0.04097}, {""token"": ""100"", ""bytes"": [49, 48, 48], ""logprob"": -3.47847}]]",808.62,v1/responses,2026-05-24T22:40:42.805129+00:00,
gpt-5.5,1+1+1+1+1+1+1+1+1+1+1+1+1+1+1+1+1+1+1+1+1+1+1+1+1+1+1+1+1+1+1+1+1+1+1+1+1+1+1+1+1+1+1+1+1+1+1+1+1+1+1+1+1+1+1+1+1+1+1+1+1+1+1+1+1+1+1+1+1+1+1+1+1+1+1+1+1+1+1+1+1+1+1+1+1+1+1+1+1+1+1+1+1+1+1+1+1+1+1,99,99,99,True,0,"[""99""]",[-0.190411],"[[{""token"": ""99"", ""bytes"": [57, 57], ""logprob"": -0.190411}, {""token"": ""100"", ""bytes"": [49, 48, 48], ""logprob"": -1.752911}]]",1216.8,v1/responses,2026-05-24T22:40:43.620534+00:00,
gpt-5.5,1+1+1+1+1+1+1+1+1+1+1+1+1+1+1+1+1+1+1+1+1+1+1+1+1+1+1+1+1+1+1+1+1+1+1+1+1+1+1+1+1+1+1+1+1+1+1+1+1+1+1+1+1+1+1+1+1+1+1+1+1+1+1+1+1+1+1+1+1+1+1+1+1+1+1+1+1+1+1+1+1+1+1+1+1+1+1+1+1+1+1+1+1+1+1+1+1+1+1+1,100,100,100,True,0,"[""100""]",[-0.00012],"[[{""token"": ""100"", ""bytes"": [49, 48, 48], ""logprob"": -0.00012}]]",966.13,v1/responses,2026-05-24T22:40:43.777836+00:00,
